Site,Location,Depth,Vial_num,Sample_ID,Sample_Date,Inc_month,Composite_num,Weight_mg,Weight_g,Volume_lake_water_L,NO3_spike_µg_L,NH3_spike_µg_L,Analyte,Spike_µg_L,Type,Goal_incubation_hrs,Incubation_start_time,Incubation_end_time,Actual_incubation_hrs,bin,Notes,NO2_NO3_mgNL,NH3_mgNL,Conc_mgNL,Flag,Percent_water,Sample_dryweight_g,
BW0.5m,BW,0.5,1,Sed_NA_1,2023-05-24,May,1,2082.3,2.0823,0.025,0,,NO3,0,sediment,6,8:28,14:36,6:08,1,,0.038,,0.038,N,0.247,1.568506398,
BW0.5m,BW,0.5,2,Sed_NA_2,2023-05-24,May,2,2056.5,2.0565,0.025,0,,NO3,0,sediment,6,8:28,14:36,6:08,1,,0.007,,0.007,N,0.247,1.549072376,
BW0.5m,BW,0.5,3,Sed_NA_3,2023-05-24,May,3,2007.3,2.0073,0.025,0,,NO3,0,sediment,6,8:28,14:36,6:08,1,,0.011,,0.011,N,0.247,1.512012147,
BW0.5m,BW,0.5,4,Sed_NA_4,2023-05-24,May,1,2069.7,2.0697,0.025,100,,NO3,100,sediment,6,8:30,14:36,6:06,1,,0.083,,0.083,N,0.247,1.559015364,
BW0.5m,BW,0.5,5,Sed_NA_5,2023-05-24,May,2,2058.5,2.0585,0.025,100,,NO3,100,sediment,6,,,6,,"Cracked, not in experiment",,,,,0.247,1.550578889,
BW0.5m,BW,0.5,6,Sed_NA_6,2023-05-24,May,3,2053.1,2.0531,0.025,100,,NO3,100,sediment,6,8:30,14:36,6:06,1,,0.124,,0.124,N,0.247,1.546511303,
BW0.5m,BW,0.5,7,Sed_NA_7,2023-05-24,May,1,2082.2,2.0822,0.025,200,,NO3,200,sediment,6,8:31,14:44,6:13,1,,0.205,,0.205,N,0.247,1.568431073,
BW0.5m,BW,0.5,8,Sed_NA_8,2023-05-24,May,2,2064.2,2.0642,0.025,200,,NO3,200,sediment,6,8:31,14:44,6:13,1,,0.21,,0.21,N,0.247,1.554872452,
BW0.5m,BW,0.5,9,Sed_NA_9,2023-05-24,May,3,2033.7,2.0337,0.025,200,,NO3,200,sediment,6,8:31,14:44,6:13,1,,0.212,,0.212,N,0.247,1.531898123,
BW0.5m,BW,0.5,10,Sed_NA_10,2023-05-24,May,1,2077.3,2.0773,0.025,500,,NO3,500,sediment,6,8:33,14:48,6:15,1,,0.451,,0.451,N,0.247,1.564740115,
BW0.5m,BW,0.5,11,Sed_NA_11,2023-05-24,May,2,2052.5,2.0525,0.025,500,,NO3,500,sediment,6,8:33,14:48,6:15,1,,0.513,,0.513,N,0.247,1.546059349,
BW0.5m,BW,0.5,12,Sed_NA_12,2023-05-24,May,3,2028.4,2.0284,0.025,500,,NO3,500,sediment,6,8:33,14:48,6:15,1,,0.487,,0.487,N,0.247,1.527905863,
BW0.5m,BW,0.5,13,Sed_NA_13,2023-05-24,May,1,2083.4,2.0834,0.025,800,,NO3,800,sediment,6,8:35,14:51,6:16,1,,0.783,,0.783,N,0.247,1.569334981,
BW0.5m,BW,0.5,14,Sed_NA_14,2023-05-24,May,2,2029.3,2.0293,0.025,800,,NO3,800,sediment,6,8:35,14:51,6:16,1,,0.806,,0.806,N,0.247,1.528583794,
BW0.5m,BW,0.5,15,Sed_NA_15,2023-05-24,May,3,2010.2,2.0102,0.025,800,,NO3,800,sediment,6,8:35,14:51,6:16,1,,0.789,,0.789,N,0.247,1.514196591,
BW0.5m,BW,0.5,16,Sed_NA_16,2023-05-24,May,1,1996.1,1.9961,0.025,1200,,NO3,1200,sediment,6,8:38,14:56,6:18,2,,1.227,,1.227,N,0.247,1.503575672,
BW0.5m,BW,0.5,17,Sed_NA_17,2023-05-24,May,2,2015.8,2.0158,0.025,1200,,NO3,1200,sediment,6,8:38,14:56,6:18,2,,1.157,,1.157,N,0.247,1.518414829,
BW0.5m,BW,0.5,18,Sed_NA_18,2023-05-24,May,3,2058.9,2.0589,0.025,1200,,NO3,1200,sediment,6,8:38,14:56,6:18,2,,0.659,,0.659,Y,0.247,1.550880192,
BW_3m,BW,3,19,Sed_NA_19,2023-05-24,May,1,2020.6,2.0206,0.025,0,,NO3,0,sediment,6,8:28,14:37,6:09,1,,0.019,,0.019,N,0.317,1.3800698,
BW_3m,BW,3,20,Sed_NA_20,2023-05-24,May,2,2127.4,2.1274,0.025,0,,NO3,0,sediment,6,8:28,14:37,6:09,1,,0.008,,0.008,N,0.317,1.4530142,
BW_3m,BW,3,21,Sed_NA_21,2023-05-24,May,3,2055.3,2.0553,0.025,0,,NO3,0,sediment,6,8:28,14:37,6:09,1,,0.004,,0.004,N,0.317,1.4037699,
BW_3m,BW,3,22,Sed_NA_22,2023-05-24,May,1,2111.6,2.1116,0.025,100,,NO3,100,sediment,6,8:30,14:39,6:09,1,,0.071,,0.071,N,0.317,1.4422228,
BW_3m,BW,3,23,Sed_NA_23,2023-05-24,May,2,2145.8,2.1458,0.025,100,,NO3,100,sediment,6,8:30,14:39,6:09,1,,0.06,,0.06,N,0.317,1.4655814,
BW_3m,BW,3,24,Sed_NA_24,2023-05-24,May,3,2152,2.152,0.025,100,,NO3,100,sediment,6,8:30,14:39,6:09,1,,0.07,,0.07,N,0.317,1.469816,
BW_3m,BW,3,25,Sed_NA_25,2023-05-24,May,1,2048.5,2.0485,0.025,200,,NO3,200,sediment,6,8:32,14:47,6:15,1,,0.167,,0.167,N,0.317,1.3991255,
BW_3m,BW,3,26,Sed_NA_26,2023-05-24,May,2,2166.5,2.1665,0.025,200,,NO3,200,sediment,6,8:32,14:47,6:15,1,,0.151,,0.151,N,0.317,1.4797195,
BW_3m,BW,3,27,Sed_NA_27,2023-05-24,May,3,2006.3,2.0063,0.025,200,,NO3,200,sediment,6,8:32,14:47,6:15,1,,0.173,,0.173,N,0.317,1.3703029,
BW_3m,BW,3,28,Sed_NA_28,2023-05-24,May,1,2000.9,2.0009,0.025,500,,NO3,500,sediment,6,8:34,14:49,6:15,1,,0.461,,0.461,N,0.317,1.3666147,
BW_3m,BW,3,29,Sed_NA_29,2023-05-24,May,2,2178.4,2.1784,0.025,500,,NO3,500,sediment,6,8:34,14:49,6:15,1,,0.458,,0.458,N,0.317,1.4878472,
BW_3m,BW,3,30,Sed_NA_30,2023-05-24,May,3,2037,2.037,0.025,500,,NO3,500,sediment,6,8:34,14:49,6:15,1,,0.47,,0.47,N,0.317,1.391271,
BW_3m,BW,3,31,Sed_NA_31,2023-05-24,May,1,2186.4,2.1864,0.025,800,,NO3,800,sediment,6,8:36,14:53,6:17,2,,0.749,,0.749,N,0.317,1.4933112,
BW_3m,BW,3,32,Sed_NA_32,2023-05-24,May,2,2134.2,2.1342,0.025,800,,NO3,800,sediment,6,8:36,14:53,6:17,2,,0.507,,0.507,N,0.317,1.4576586,
BW_3m,BW,3,33,Sed_NA_33,2023-05-24,May,3,2186.8,2.1868,0.025,800,,NO3,800,sediment,6,8:36,14:53,6:17,2,,0.741,,0.741,N,0.317,1.4935844,
BW_3m,BW,3,34,Sed_NA_34,2023-05-24,May,1,2026.2,2.0262,0.025,1200,,NO3,1200,sediment,6,8:38,14:57,6:19,2,,1.06,,1.06,N,0.317,1.3838946,
BW_3m,BW,3,35,Sed_NA_35,2023-05-24,May,2,2113.1,2.1131,0.025,1200,,NO3,1200,sediment,6,8:38,14:57,6:19,2,,1.16,,1.16,N,0.317,1.4432473,
BW_3m,BW,3,36,Sed_NA_36,2023-05-24,May,3,1995.2,1.9952,0.025,1200,,NO3,1200,sediment,6,8:38,14:57,6:19,2,,1.077,,1.077,N,0.317,1.3627216,
SS_3m,SS,3,37,Sed_NA_37,2023-05-24,May,1,2087.9,2.0879,0.025,0,,NO3,0,sediment,6,8:28,14:38,6:10,1,,0.008,,0.008,N,0.195,1.6807595,
SS_3m,SS,3,38,Sed_NA_38,2023-05-24,May,2,2136.4,2.1364,0.025,0,,NO3,0,sediment,6,8:28,14:38,6:10,1,,0.011,,0.011,N,0.195,1.719802,
SS_3m,SS,3,39,Sed_NA_39,2023-05-24,May,3,2148.7,2.1487,0.025,0,,NO3,0,sediment,6,8:28,14:38,6:10,1,,0.008,,0.008,N,0.195,1.7297035,
SS_3m,SS,3,40,Sed_NA_40,2023-05-24,May,1,1997,1.997,0.025,100,,NO3,100,sediment,6,8:30,14:38,6:08,,,0.085,,0.085,N,0.195,1.607585,
SS_3m,SS,3,41,Sed_NA_41,2023-05-24,May,2,2104.5,2.1045,0.025,100,,NO3,100,sediment,6,8:30,14:38,6:08,,,0.087,,0.087,N,0.195,1.6941225,
SS_3m,SS,3,42,Sed_NA_42,2023-05-24,May,3,2189.1,2.1891,0.025,100,,NO3,100,sediment,6,8:30,14:38,6:08,,,0.08,,0.08,N,0.195,1.7622255,
SS_3m,SS,3,43,Sed_NA_43,2023-05-24,May,1,2017.9,2.0179,0.025,200,,NO3,200,sediment,6,8:32,14:45,6:13,1,,0.175,,0.175,N,0.195,1.6244095,
SS_3m,SS,3,44,Sed_NA_44,2023-05-24,May,2,2013.8,2.0138,0.025,200,,NO3,200,sediment,6,8:32,14:45,6:13,1,,0.178,,0.178,N,0.195,1.621109,
SS_3m,SS,3,45,Sed_NA_45,2023-05-24,May,3,2185.2,2.1852,0.025,200,,NO3,200,sediment,6,8:32,14:45,6:13,1,,0.179,,0.179,N,0.195,1.759086,
SS_3m,SS,3,46,Sed_NA_46,2023-05-24,May,1,2146.5,2.1465,0.025,500,,NO3,500,sediment,6,8:34,14:50,6:16,1,,0.472,,0.472,N,0.195,1.7279325,
SS_3m,SS,3,47,Sed_NA_47,2023-05-24,May,2,2039.3,2.0393,0.025,500,,NO3,500,sediment,6,8:34,14:50,6:16,1,,0.466,,0.466,N,0.195,1.6416365,
SS_3m,SS,3,48,Sed_NA_48,2023-05-24,May,3,2099.9,2.0999,0.025,500,,NO3,500,sediment,6,8:34,14:50,6:16,1,,0.511,,0.511,N,0.195,1.6904195,
SS_3m,SS,3,49,Sed_NA_49,2023-05-24,May,1,1981.9,1.9819,0.025,800,,NO3,800,sediment,6,8:36,14:54,6:18,2,,0.747,,0.747,N,0.195,1.5954295,
SS_3m,SS,3,50,Sed_NA_50,2023-05-24,May,2,2000.7,2.0007,0.025,800,,NO3,800,sediment,6,8:36,14:54,6:18,2,,0.746,,0.746,N,0.195,1.6105635,
SS_3m,SS,3,51,Sed_NA_51,2023-05-24,May,3,2101.8,2.1018,0.025,800,,NO3,800,sediment,6,8:37,14:54,6:17,2,,0.735,,0.735,N,0.195,1.691949,
SS_3m,SS,3,52,Sed_NA_52,2023-05-24,May,1,1983.3,1.9833,0.025,1200,,NO3,1200,sediment,6,8:39,14:59,6:20,1,,0.716,,0.716,Y,0.195,1.5965565,
SS_3m,SS,3,53,Sed_NA_53,2023-05-24,May,2,2046.6,2.0466,0.025,1200,,NO3,1200,sediment,6,8:39,14:59,6:20,1,,1.127,,1.127,N,0.195,1.647513,
SS_3m,SS,3,54,Sed_NA_54,2023-05-24,May,3,2152.1,2.1521,0.025,1200,,NO3,1200,sediment,6,8:39,14:59,6:20,1,,0.988,,0.988,N,0.195,1.7324405,
BW_10m,BW,10,55,Sed_NA_55,2023-05-24,May,1,2041.6,2.0416,0.025,0,,NO3,0,sediment,6,8:28,,6,,,0.009,,0.009,N,0.394,1.2372096,
BW_10m,BW,10,56,Sed_NA_56,2023-05-24,May,2,2063.3,2.0633,0.025,0,,NO3,0,sediment,6,8:28,,6,,,0.017,,0.017,N,0.394,1.2503598,
BW_10m,BW,10,57,Sed_NA_57,2023-05-24,May,3,2042.4,2.0424,0.025,0,,NO3,0,sediment,6,8:28,,6,,,0.024,,0.024,N,0.394,1.2376944,
BW_10m,BW,10,58,Sed_NA_58,2023-05-24,May,1,2196.7,2.1967,0.025,100,,NO3,100,sediment,6,8:31,14:42,6:11,1,,0.105,,0.105,N,0.394,1.3312002,
BW_10m,BW,10,59,Sed_NA_59,2023-05-24,May,2,2009,2.009,0.025,100,,NO3,100,sediment,6,8:31,14:42,6:11,1,,0.069,,0.069,N,0.394,1.217454,
BW_10m,BW,10,60,Sed_NA_60,2023-05-24,May,3,2084.1,2.0841,0.025,100,,NO3,100,sediment,6,8:31,14:42,6:11,1,,0.07,,0.07,N,0.394,1.2629646,
BW_10m,BW,10,61,Sed_NA_61,2023-05-24,May,1,2004.8,2.0048,0.025,200,,NO3,200,sediment,6,8:33,14:49,6:16,1,,0.148,,0.148,N,0.394,1.2149088,
BW_10m,BW,10,62,Sed_NA_62,2023-05-24,May,2,2062.3,2.0623,0.025,200,,NO3,200,sediment,6,8:33,14:49,6:16,1,,0.128,,0.128,N,0.394,1.2497538,
BW_10m,BW,10,63,Sed_NA_63,2023-05-24,May,3,2007.3,2.0073,0.025,200,,NO3,200,sediment,6,8:33,14:49,6:16,1,,0.13,,0.13,N,0.394,1.2164238,
BW_10m,BW,10,64,Sed_NA_64,2023-05-24,May,1,2045.1,2.0451,0.025,500,,NO3,500,sediment,6,8:35,14:53,6:18,1,,0.374,,0.374,N,0.394,1.2393306,
BW_10m,BW,10,65,Sed_NA_65,2023-05-24,May,2,2031.8,2.0318,0.025,500,,NO3,500,sediment,6,8:35,14:53,6:18,1,,0.381,,0.381,N,0.394,1.2312708,
BW_10m,BW,10,66,Sed_NA_66,2023-05-24,May,3,2049.2,2.0492,0.025,500,,NO3,500,sediment,6,8:35,14:53,6:18,1,,0.366,,0.366,N,0.394,1.2418152,
BW_10m,BW,10,67,Sed_NA_67,2023-05-24,May,1,2080,2.08,0.025,800,,NO3,800,sediment,6,8:37,14:56,6:19,2,,0.67,,0.67,N,0.394,1.26048,
BW_10m,BW,10,68,Sed_NA_68,2023-05-24,May,2,2025.3,2.0253,0.025,800,,NO3,800,sediment,6,8:37,14:56,6:19,2,,0.589,,0.589,N,0.394,1.2273318,
BW_10m,BW,10,69,Sed_NA_69,2023-05-24,May,3,2034.9,2.0349,0.025,800,,NO3,800,sediment,6,8:37,14:56,6:19,2,,0.684,,0.684,N,0.394,1.2331494,
BW_10m,BW,10,70,Sed_NA_70,2023-05-24,May,1,2024.4,2.0244,0.025,1200,,NO3,1200,sediment,6,8:39,15:01,6:22,2,,1.006,,1.006,N,0.394,1.2267864,
BW_10m,BW,10,71,Sed_NA_71,2023-05-24,May,2,2057.6,2.0576,0.025,1200,,NO3,1200,sediment,6,8:39,15:01,6:22,2,,0.902,,0.902,N,0.394,1.2469056,
BW_10m,BW,10,72,Sed_NA_72,2023-05-24,May,3,2050.5,2.0505,0.025,1200,,NO3,1200,sediment,6,8:39,15:01,6:22,2,,0.993,,0.993,N,0.394,1.242603,
GB0.5m,GB,0.5,73,Sed_NA_73,2023-05-25,May,1,2125.4,2.1254,0.025,0,,NO3,0,sediment,6,8:43,15:00,6:17,2,,0.03,,0.03,N,0.238,1.618532512,used June data since it was missing
GB0.5m,GB,0.5,74,Sed_NA_74,2023-05-25,May,2,2122.8,2.1228,0.025,0,,NO3,0,sediment,6,8:43,15:00,6:17,2,,0.027,,0.027,N,0.238,1.616552563,
GB0.5m,GB,0.5,75,Sed_NA_75,2023-05-25,May,3,2087,2.087,0.025,0,,NO3,0,sediment,6,8:43,15:00,6:17,2,,0.025,,0.025,N,0.238,1.589290182,
GB0.5m,GB,0.5,76,Sed_NA_76,2023-05-25,May,1,1945.2,1.9452,0.025,100,,NO3,100,sediment,6,8:46,15:07,6:21,2,,0.128,,0.128,N,0.238,1.481306786,
GB0.5m,GB,0.5,77,Sed_NA_77,2023-05-25,May,2,2024.6,2.0246,0.025,100,,NO3,100,sediment,6,8:46,15:07,6:21,2,,0.124,,0.124,N,0.238,1.541771395,
GB0.5m,GB,0.5,78,Sed_NA_78,2023-05-25,May,3,2137.1,2.1371,0.025,100,,NO3,100,sediment,6,8:46,15:07,6:21,2,,0.131,,0.131,N,0.238,1.627442284,
GB0.5m,GB,0.5,79,Sed_NA_79,2023-05-25,May,1,2104.3,2.1043,0.025,200,,NO3,200,sediment,6,8:48,15:11,6:23,3,,0.221,,0.221,N,0.238,1.602464461,
GB0.5m,GB,0.5,80,Sed_NA_80,2023-05-25,May,2,2120.6,2.1206,0.025,200,,NO3,200,sediment,6,8:48,15:11,6:23,3,,0.23,,0.23,N,0.238,1.614877221,
GB0.5m,GB,0.5,81,Sed_NA_81,2023-05-25,May,3,2045.5,2.0455,0.025,200,,NO3,200,sediment,6,8:48,15:11,6:23,3,,0.229,,0.229,N,0.238,1.557687143,
GB0.5m,GB,0.5,82,Sed_NA_82,2023-05-25,May,1,2052.3,2.0523,0.025,500,,NO3,500,sediment,6,8:49,15:14,6:25,3,,0.519,,0.519,N,0.238,1.562865472,
GB0.5m,GB,0.5,83,Sed_NA_83,2023-05-25,May,2,2113.1,2.1131,0.025,500,,NO3,500,sediment,6,8:49,15:14,6:25,3,,0.546,,0.546,N,0.238,1.609165828,
GB0.5m,GB,0.5,84,Sed_NA_84,2023-05-25,May,3,2161.4,2.1614,0.025,500,,NO3,500,sediment,6,8:49,15:14,6:25,3,,0.55,,0.55,N,0.238,1.645947196,
GB0.5m,GB,0.5,85,Sed_NA_85,2023-05-25,May,1,2029.1,2.0291,0.025,800,,NO3,800,sediment,6,8:51,15:19,6:28,3,,0.8,,0.8,N,0.238,1.545198231,
GB0.5m,GB,0.5,86,Sed_NA_86,2023-05-25,May,2,2027.6,2.0276,0.025,800,,NO3,800,sediment,6,8:51,15:19,6:28,3,,0.826,,0.826,N,0.238,1.544055952,
GB0.5m,GB,0.5,87,Sed_NA_87,2023-05-25,May,3,2180.7,2.1807,0.025,800,,NO3,800,sediment,6,8:51,15:19,6:28,3,,0.818,,0.818,N,0.238,1.660644513,
GB0.5m,GB,0.5,88,Sed_NA_88,2023-05-25,May,1,1984.4,1.9844,0.025,1200,,NO3,1200,sediment,6,8:53,15:22,6:29,3,,1.224,,1.224,N,0.238,1.511158331,
GB0.5m,GB,0.5,89,Sed_NA_89,2023-05-25,May,2,2180.3,2.1803,0.025,1200,,NO3,1200,sediment,6,8:53,15:22,6:29,3,,1.237,,1.237,N,0.238,1.660339906,
GB0.5m,GB,0.5,90,Sed_NA_90,2023-05-25,May,3,2066.2,2.0662,0.025,1200,,NO3,1200,sediment,6,8:53,15:22,6:29,3,,1.201,,1.201,N,0.238,1.573450586,
GB_3m,GB,3,91,Sed_NA_91,2023-05-25,May,1,2158.8,2.1588,0.025,0,,NO3,0,sediment,6,8:43,15:02,6:19,2,,0.024,,0.024,N,0.250,1.6191,
GB_3m,GB,3,92,Sed_NA_92,2023-05-25,May,2,2096.9,2.0969,0.025,0,,NO3,0,sediment,6,8:43,15:02,6:19,2,,0.019,,0.019,N,0.250,1.572675,
GB_3m,GB,3,93,Sed_NA_93,2023-05-25,May,3,2077.9,2.0779,0.025,0,,NO3,0,sediment,6,8:43,15:02,6:19,2,,0.017,,0.017,N,0.250,1.558425,
GB_3m,GB,3,94,Sed_NA_94,2023-05-25,May,1,2005,2.005,0.025,100,,NO3,100,sediment,6,8:45,15:06,6:21,2,,0.078,,0.078,N,0.250,1.50375,
GB_3m,GB,3,95,Sed_NA_95,2023-05-25,May,2,2166.5,2.1665,0.025,100,,NO3,100,sediment,6,8:45,15:06,6:21,2,,0.071,,0.071,N,0.250,1.624875,
GB_3m,GB,3,96,Sed_NA_96,2023-05-25,May,3,1949.3,1.9493,0.025,100,,NO3,100,sediment,6,8:45,15:06,6:21,2,,0.079,,0.079,N,0.250,1.461975,
GB_3m,GB,3,97,Sed_NA_97,2023-05-25,May,1,1990.1,1.9901,0.025,200,,NO3,200,sediment,6,8:47,15:11,6:24,3,,0.187,,0.187,N,0.250,1.492575,
GB_3m,GB,3,98,Sed_NA_98,2023-05-25,May,2,2055.3,2.0553,0.025,200,,NO3,200,sediment,6,8:47,15:11,6:24,3,,0.178,,0.178,N,0.250,1.541475,
GB_3m,GB,3,99,Sed_NA_99,2023-05-25,May,3,2129.7,2.1297,0.025,200,,NO3,200,sediment,6,8:47,15:11,6:24,3,,0.174,,0.174,N,0.250,1.597275,
GB_3m,GB,3,100,Sed_NA_100,2023-05-25,May,1,1972.3,1.9723,0.025,500,,NO3,500,sediment,6,8:49,15:14,6:25,3,,0.441,,0.441,N,0.250,1.479225,
GB_3m,GB,3,101,Sed_NA_101,2023-05-25,May,2,2118.5,2.1185,0.025,500,,NO3,500,sediment,6,8:49,15:14,6:25,3,,0.429,,0.429,N,0.250,1.588875,
GB_3m,GB,3,102,Sed_NA_102,2023-05-25,May,3,2110.5,2.1105,0.025,500,,NO3,500,sediment,6,8:49,15:14,6:25,3,,0.452,,0.452,N,0.250,1.582875,
GB_3m,GB,3,103,Sed_NA_103,2023-05-25,May,1,2195.3,2.1953,0.025,800,,NO3,800,sediment,6,8:50,15:18,6:28,3,,0.725,,0.725,N,0.250,1.646475,
GB_3m,GB,3,104,Sed_NA_104,2023-05-25,May,2,2055.4,2.0554,0.025,800,,NO3,800,sediment,6,8:51,15:18,6:27,3,,0.756,,0.756,N,0.250,1.54155,
GB_3m,GB,3,105,Sed_NA_105,2023-05-25,May,3,2146.8,2.1468,0.025,800,,NO3,800,sediment,6,8:51,15:18,6:27,3,,0.586,,0.586,N,0.250,1.6101,
GB_3m,GB,3,106,Sed_NA_106,2023-05-25,May,1,2117.4,2.1174,0.025,1200,,NO3,1200,sediment,6,8:52,15:22,6:30,3,,1.076,,1.076,N,0.250,1.58805,
GB_3m,GB,3,107,Sed_NA_107,2023-05-25,May,2,2163.3,2.1633,0.025,1200,,NO3,1200,sediment,6,8:52,15:22,6:30,3,,1.106,,1.106,N,0.250,1.622475,
GB_3m,GB,3,108,Sed_NA_108,2023-05-25,May,3,2119.7,2.1197,0.025,1200,,NO3,1200,sediment,6,8:52,15:22,6:30,3,,1.161,,1.161,N,0.250,1.589775,
SH_3m,SH,3,109,Sed_NA_109,2023-05-25,May,1,2070.1,2.0701,0.025,0,,NO3,0,sediment,6,8:43,15:02,6:19,2,,0.018,,0.018,N,0.201,1.6540099,
SH_3m,SH,3,110,Sed_NA_110,2023-05-25,May,2,2132.8,2.1328,0.025,0,,NO3,0,sediment,6,8:43,15:02,6:19,2,,0.017,,0.017,N,0.201,1.7041072,
SH_3m,SH,3,111,Sed_NA_111,2023-05-25,May,3,2089.8,2.0898,0.025,0,,NO3,0,sediment,6,8:43,15:02,6:19,2,,0.018,,0.018,N,0.201,1.6697502,
SH_3m,SH,3,112,Sed_NA_112,2023-05-25,May,1,2104.4,2.1044,0.025,100,,NO3,100,sediment,6,8:45,15:06,6:21,2,,0.08,,0.08,N,0.201,1.6814156,
SH_3m,SH,3,113,Sed_NA_113,2023-05-25,May,2,2105.2,2.1052,0.025,100,,NO3,100,sediment,6,8:45,15:06,6:21,2,,0.083,,0.083,N,0.201,1.6820548,
SH_3m,SH,3,114,Sed_NA_114,2023-05-25,May,3,2029.8,2.0298,0.025,100,,NO3,100,sediment,6,8:45,15:06,6:21,2,,0.088,,0.088,N,0.201,1.6218102,
SH_3m,SH,3,115,Sed_NA_115,2023-05-25,May,1,2089.2,2.0892,0.025,200,,NO3,200,sediment,6,8:47,15:09,6:22,2,,0.193,,0.193,N,0.201,1.6692708,
SH_3m,SH,3,116,Sed_NA_116,2023-05-25,May,2,2178.9,2.1789,0.025,200,,NO3,200,sediment,6,8:47,15:09,6:22,2,,0.177,,0.177,N,0.201,1.7409411,
SH_3m,SH,3,117,Sed_NA_117,2023-05-25,May,3,2085.2,2.0852,0.025,200,,NO3,200,sediment,6,8:47,15:09,6:22,2,,0.18,,0.18,N,0.201,1.6660748,
SH_3m,SH,3,118,Sed_NA_118,2023-05-25,May,1,2183.9,2.1839,0.025,500,,NO3,500,sediment,6,8:48,15:12,6:24,3,,0.499,,0.499,N,0.201,1.7449361,
SH_3m,SH,3,119,Sed_NA_119,2023-05-25,May,2,2136.5,2.1365,0.025,500,,NO3,500,sediment,6,8:48,15:12,6:24,3,,0.455,,0.455,N,0.201,1.7070635,
SH_3m,SH,3,120,Sed_NA_120,2023-05-25,May,3,1997.9,1.9979,0.025,500,,NO3,500,sediment,6,8:48,15:12,6:24,3,,0.489,,0.489,N,0.201,1.5963221,
SH_3m,SH,3,121,Sed_NA_121,2023-05-25,May,1,2103.2,2.1032,0.025,800,,NO3,800,sediment,6,8:50,15:17,6:27,,,0.76,,0.76,N,0.201,1.6804568,
SH_3m,SH,3,122,Sed_NA_122,2023-05-25,May,2,2150.5,2.1505,0.025,800,,NO3,800,sediment,6,8:50,15:17,6:27,,,0.745,,0.745,N,0.201,1.7182495,
SH_3m,SH,3,123,Sed_NA_123,2023-05-25,May,3,2124.4,2.1244,0.025,800,,NO3,800,sediment,6,8:50,15:17,6:27,,,0.803,,0.803,N,0.201,1.6973956,
SH_3m,SH,3,124,Sed_NA_124,2023-05-25,May,1,2121.6,2.1216,0.025,1200,,NO3,1200,sediment,6,8:52,15:21,6:29,,,1.132,,1.132,N,0.201,1.6951584,
SH_3m,SH,3,125,Sed_NA_125,2023-05-25,May,2,2149.5,2.1495,0.025,1200,,NO3,1200,sediment,6,8:52,15:21,6:29,,,1.174,,1.174,N,0.201,1.7174505,
SH_3m,SH,3,126,Sed_NA_126,2023-05-25,May,3,1993.7,1.9937,0.025,1200,,NO3,1200,sediment,6,8:52,15:21,6:29,,,1.159,,1.159,N,0.201,1.5929663,
GB_10m,GB,10,127,Sed_NA_127,2023-05-25,May,1,2193.6,2.1936,0.025,0,,NO3,0,sediment,6,8:44,15:03,6:19,2,,-0.002,,-0.002,N,0.286,1.5662304,
GB_10m,GB,10,128,Sed_NA_128,2023-05-25,May,2,2037.1,2.0371,0.025,0,,NO3,0,sediment,6,8:44,15:03,6:19,2,,0.003,,0.003,N,0.286,1.4544894,
GB_10m,GB,10,129,Sed_NA_129,2023-05-25,May,3,2137.5,2.1375,0.025,0,,NO3,0,sediment,6,8:44,15:03,6:19,2,,-0.001,,-0.001,N,0.286,1.526175,
GB_10m,GB,10,130,Sed_NA_130,2023-05-25,May,1,2000.1,2.0001,0.025,100,,NO3,100,sediment,6,8:44,15:05,6:21,2,,0.088,,0.088,N,0.286,1.4280714,
GB_10m,GB,10,131,Sed_NA_131,2023-05-25,May,2,2145.8,2.1458,0.025,100,,NO3,100,sediment,6,8:44,15:05,6:21,2,,0.087,,0.087,N,0.286,1.5321012,
GB_10m,GB,10,132,Sed_NA_132,2023-05-25,May,3,2012.3,2.0123,0.025,100,,NO3,100,sediment,6,8:44,15:05,6:21,2,,0.073,,0.073,N,0.286,1.4367822,
GB_10m,GB,10,133,Sed_NA_133,2023-05-25,May,1,2081.5,2.0815,0.025,200,,NO3,200,sediment,6,8:46,15:08,6:22,2,,0.173,,0.173,N,0.286,1.486191,
GB_10m,GB,10,134,Sed_NA_134,2023-05-25,May,2,2131.7,2.1317,0.025,200,,NO3,200,sediment,6,8:46,15:08,6:22,2,,0.179,,0.179,N,0.286,1.5220338,
GB_10m,GB,10,135,Sed_NA_135,2023-05-25,May,3,2107.9,2.1079,0.025,200,,NO3,200,sediment,6,8:47,15:08,6:21,2,,0.174,,0.174,N,0.286,1.5050406,
GB_10m,GB,10,136,Sed_NA_136,2023-05-25,May,1,2191.7,2.1917,0.025,500,,NO3,500,sediment,6,8:48,15:13,6:25,3,,0.453,,0.453,N,0.286,1.5648738,
GB_10m,GB,10,137,Sed_NA_137,2023-05-25,May,2,2072,2.072,0.025,500,,NO3,500,sediment,6,8:48,15:13,6:25,3,,0.463,,0.463,N,0.286,1.479408,
GB_10m,GB,10,138,Sed_NA_138,2023-05-25,May,3,1995.7,1.9957,0.025,500,,NO3,500,sediment,6,8:48,15:13,6:25,3,,0.463,,0.463,N,0.286,1.4249298,
GB_10m,GB,10,139,Sed_NA_139,2023-05-25,May,1,2046.5,2.0465,0.025,800,,NO3,800,sediment,6,8:50,15:17,6:27,3,,0.779,,0.779,N,0.286,1.461201,
GB_10m,GB,10,140,Sed_NA_140,2023-05-25,May,2,2056.8,2.0568,0.025,800,,NO3,800,sediment,6,8:50,15:17,6:27,3,,0.468,,0.468,N,0.286,1.4685552,
GB_10m,GB,10,141,Sed_NA_141,2023-05-25,May,3,2045,2.045,0.025,800,,NO3,800,sediment,6,8:50,15:17,6:27,3,,0.776,,0.776,N,0.286,1.46013,
GB_10m,GB,10,142,Sed_NA_142,2023-05-25,May,1,2019.6,2.0196,0.025,1200,,NO3,1200,sediment,6,8:51,15:21,6:30,3,,1.178,,1.178,N,0.286,1.4419944,
GB_10m,GB,10,143,Sed_NA_143,2023-05-25,May,2,2173.7,2.1737,0.025,1200,,NO3,1200,sediment,6,8:52,15:21,6:29,3,,1.189,,1.189,N,0.286,1.5520218,
GB_10m,GB,10,144,Sed_NA_144,2023-05-25,May,3,2183.5,2.1835,0.025,1200,,NO3,1200,sediment,6,8:52,15:21,6:29,3,,1.124,,1.124,N,0.286,1.559019,
BW0.5m,BW,0.5,145,Biofilm_NA_1,2023-05-24,May,1,2000,2,0.025,0,,NO3,0,biofilm,6,8:54,15:27,6:33,4,,0.003,,0.003,N,,,
BW0.5m,BW,0.5,146,Biofilm_NA_2,2023-05-24,May,2,2020,2.02,0.025,0,,NO3,0,biofilm,6,8:54,15:27,6:33,4,,-0.004,,-0.004,N,,,
BW0.5m,BW,0.5,147,Biofilm_NA_3,2023-05-24,May,3,2020,2.02,0.025,0,,NO3,0,biofilm,6,8:54,15:27,6:33,4,,-0.002,,-0.002,N,,,
BW0.5m,BW,0.5,148,Biofilm_NA_4,2023-05-24,May,1,2000,2,0.025,100,,NO3,100,biofilm,6,8:55,15:27,6:32,4,,0,,0,N,,,
BW0.5m,BW,0.5,149,Biofilm_NA_5,2023-05-24,May,2,2060,2.06,0.025,100,,NO3,100,biofilm,6,8:55,15:27,6:32,4,,0.004,,0.004,N,,,
BW0.5m,BW,0.5,150,Biofilm_NA_6,2023-05-24,May,3,2040,2.04,0.025,100,,NO3,100,biofilm,6,8:55,15:27,6:32,4,,-0.001,,-0.001,N,,,
BW0.5m,BW,0.5,151,Biofilm_NA_7,2023-05-24,May,1,2030,2.03,0.025,200,,NO3,200,biofilm,6,8:56,15:31,6:35,4,,0.039,,0.039,N,,,
BW0.5m,BW,0.5,152,Biofilm_NA_8,2023-05-24,May,2,2040,2.04,0.025,200,,NO3,200,biofilm,6,8:56,15:31,6:35,4,,0.06,,0.06,N,,,
BW0.5m,BW,0.5,153,Biofilm_NA_9,2023-05-24,May,3,2010,2.01,0.025,200,,NO3,200,biofilm,6,8:56,15:31,6:35,4,,0.038,,0.038,N,,,
BW0.5m,BW,0.5,154,Biofilm_NA_10,2023-05-24,May,1,2040,2.04,0.025,500,,NO3,500,biofilm,6,8:58,15:32,6:34,4,,0.217,,0.217,N,,,
BW0.5m,BW,0.5,155,Biofilm_NA_11,2023-05-24,May,2,2050,2.05,0.025,500,,NO3,500,biofilm,6,8:58,15:32,6:34,4,,0.243,,0.243,N,,,
BW0.5m,BW,0.5,156,Biofilm_NA_12,2023-05-24,May,3,2020,2.02,0.025,500,,NO3,500,biofilm,6,8:58,15:32,6:34,4,,0.236,,0.236,N,,,
BW0.5m,BW,0.5,157,Biofilm_NA_13,2023-05-24,May,1,2080,2.08,0.025,800,,NO3,800,biofilm,6,8:59,15:39,6:40,4,,0.556,,0.556,N,,,
BW0.5m,BW,0.5,158,Biofilm_NA_14,2023-05-24,May,2,2050,2.05,0.025,800,,NO3,800,biofilm,6,8:59,15:39,6:40,4,,0.378,,0.378,N,,,
BW0.5m,BW,0.5,159,Biofilm_NA_15,2023-05-24,May,3,2050,2.05,0.025,800,,NO3,800,biofilm,6,8:59,15:39,6:40,4,,0.544,,0.544,N,,,
BW0.5m,BW,0.5,160,Biofilm_NA_16,2023-05-24,May,1,2060,2.06,0.025,1200,,NO3,1200,biofilm,6,9:01,15:44,6:43,5,,0.878,,0.878,N,,,
BW0.5m,BW,0.5,161,Biofilm_NA_17,2023-05-24,May,2,2000,2,0.025,1200,,NO3,1200,biofilm,6,9:01,15:44,6:43,5,,0.845,,0.845,N,,,
BW0.5m,BW,0.5,162,Biofilm_NA_18,2023-05-24,May,3,2030,2.03,0.025,1200,,NO3,1200,biofilm,6,9:01,15:44,6:43,5,,0.908,,0.908,N,,,
GB0.5m,GB,0.5,163,Biofilm_NA_19,2023-05-25,May,1,2000,2,0.025,0,,NO3,0,biofilm,6,8:54,15:25,6:31,3,,0.033,,0.033,N,,,
GB0.5m,GB,0.5,164,Biofilm_NA_20,2023-05-25,May,2,2030,2.03,0.025,0,,NO3,0,biofilm,6,8:54,15:25,6:31,3,,0.022,,0.022,N,,,
GB0.5m,GB,0.5,165,Biofilm_NA_21,2023-05-25,May,3,2070,2.07,0.025,0,,NO3,0,biofilm,6,8:54,15:25,6:31,3,,0.016,,0.016,N,,,
GB0.5m,GB,0.5,166,Biofilm_NA_22,2023-05-25,May,1,2020,2.02,0.025,100,,NO3,100,biofilm,6,8:55,15:26,6:31,3,,0.121,,0.121,N,,,
GB0.5m,GB,0.5,167,Biofilm_NA_23,2023-05-25,May,2,2050,2.05,0.025,100,,NO3,100,biofilm,6,8:55,15:26,6:31,3,,0.117,,0.117,N,,,
GB0.5m,GB,0.5,168,Biofilm_NA_24,2023-05-25,May,3,2000,2,0.025,100,,NO3,100,biofilm,6,8:55,15:26,6:31,3,,0.1,,0.1,N,,,
GB0.5m,GB,0.5,169,Biofilm_NA_25,2023-05-25,May,1,2000,2,0.025,200,,NO3,200,biofilm,6,8:57,15:33,6:36,4,,0.205,,0.205,N,,,
GB0.5m,GB,0.5,170,Biofilm_NA_26,2023-05-25,May,2,1980,1.98,0.025,200,,NO3,200,biofilm,6,8:57,15:33,6:36,4,,0.232,,0.232,N,,,
GB0.5m,GB,0.5,171,Biofilm_NA_27,2023-05-25,May,3,1990,1.99,0.025,200,,NO3,200,biofilm,6,8:57,15:33,6:36,4,,0.061,,0.061,N,,,
GB0.5m,GB,0.5,172,Biofilm_NA_28,2023-05-25,May,1,1970,1.97,0.025,500,,NO3,500,biofilm,6,8:58,15:35,6:37,4,,0.403,,0.403,N,,,
GB0.5m,GB,0.5,173,Biofilm_NA_29,2023-05-25,May,2,2060,2.06,0.025,500,,NO3,500,biofilm,6,8:58,15:35,6:37,4,,0.523,,0.523,N,,,
GB0.5m,GB,0.5,174,Biofilm_NA_30,2023-05-25,May,3,1960,1.96,0.025,500,,NO3,500,biofilm,6,8:58,15:35,6:37,4,,0.499,,0.499,N,,,
GB0.5m,GB,0.5,175,Biofilm_NA_31,2023-05-25,May,1,1910,1.91,0.025,800,,NO3,800,biofilm,6,9:00,15:42,6:42,4,,0.79,,0.79,N,,,
GB0.5m,GB,0.5,176,Biofilm_NA_32,2023-05-25,May,2,1990,1.99,0.025,800,,NO3,800,biofilm,6,9:00,15:42,6:42,4,,0.767,,0.767,N,,,
GB0.5m,GB,0.5,177,Biofilm_NA_33,2023-05-25,May,3,1990,1.99,0.025,800,,NO3,800,biofilm,6,9:00,15:42,6:42,4,,0.764,,0.764,N,,,
GB0.5m,GB,0.5,178,Biofilm_NA_34,2023-05-25,May,1,1960,1.96,0.025,1200,,NO3,1200,biofilm,6,9:01,15:44,6:43,5,,1.089,,1.089,N,,,
GB0.5m,GB,0.5,179,Biofilm_NA_35,2023-05-25,May,2,1990,1.99,0.025,1200,,NO3,1200,biofilm,6,9:02,15:44,6:42,5,,0.879,,0.879,N,,,
GB0.5m,GB,0.5,180,Biofilm_NA_36,2023-05-25,May,3,2010,2.01,0.025,1200,,NO3,1200,biofilm,6,9:02,15:44,6:42,5,,1.106,,1.106,N,,,
BW_3m,BW,3,181,Water_NA_1,2023-05-25,May,1,,,0.025,0,,NO3,0,water,6,8:54,15:25,6:31,3,,0.044,,0.044,N,,,
BW_3m,BW,3,182,Water_NA_2,2023-05-25,May,2,,,0.025,0,,NO3,0,water,6,8:54,15:25,6:31,3,,0.024,,0.024,N,,,
BW_3m,BW,3,183,Water_NA_3,2023-05-25,May,3,,,0.025,0,,NO3,0,water,6,8:54,15:25,6:31,3,,0.025,,0.025,N,,,
BW_3m,BW,3,184,Water_NA_4,2023-05-25,May,1,,,0.025,100,,NO3,100,water,6,8:55,15:28,6:33,4,,0.124,,0.124,N,,,
BW_3m,BW,3,185,Water_NA_5,2023-05-25,May,2,,,0.025,100,,NO3,100,water,6,8:55,15:28,6:33,4,,0.131,,0.131,N,,,
BW_3m,BW,3,186,Water_NA_6,2023-05-25,May,3,,,0.025,100,,NO3,100,water,6,8:55,15:28,6:33,4,,0.128,,0.128,N,,,
BW_3m,BW,3,187,Water_NA_7,2023-05-25,May,1,,,0.025,200,,NO3,200,water,6,8:57,15:33,6:36,4,,0.241,,0.241,N,,,
BW_3m,BW,3,188,Water_NA_8,2023-05-25,May,2,,,0.025,200,,NO3,200,water,6,8:57,15:33,6:36,4,,0.238,,0.238,N,,,
BW_3m,BW,3,189,Water_NA_9,2023-05-25,May,3,,,0.025,200,,NO3,200,water,6,8:57,15:33,6:36,4,,0.247,,0.247,N,,,
BW_3m,BW,3,190,Water_NA_10,2023-05-25,May,1,,,0.025,500,,NO3,500,water,6,8:59,15:36,6:37,4,,0.294,,0.294,N,,,
BW_3m,BW,3,191,Water_NA_11,2023-05-25,May,2,,,0.025,500,,NO3,500,water,6,8:59,15:36,6:37,4,,0.567,,0.567,N,,,
BW_3m,BW,3,192,Water_NA_12,2023-05-25,May,3,,,0.025,500,,NO3,500,water,6,8:59,15:36,6:37,4,,0.5,,0.5,N,,,
BW_3m,BW,3,193,Water_NA_13,2023-05-25,May,1,,,0.025,800,,NO3,800,water,6,9:00,15:39,6:39,4,,0.773,,0.773,N,,,
BW_3m,BW,3,194,Water_NA_14,2023-05-25,May,2,,,0.025,800,,NO3,800,water,6,9:00,15:39,6:39,4,,0.817,,0.817,N,,,
BW_3m,BW,3,195,Water_NA_15,2023-05-25,May,3,,,0.025,800,,NO3,800,water,6,9:00,15:39,6:39,4,,0.814,,0.814,N,,,
BW_3m,BW,3,196,Water_NA_16,2023-05-25,May,1,,,0.025,1200,,NO3,1200,water,6,9:02,15:46,6:44,5,,1.267,,1.267,N,,,
BW_3m,BW,3,197,Water_NA_17,2023-05-25,May,2,,,0.025,1200,,NO3,1200,water,6,9:02,15:46,6:44,5,,1.181,,1.181,N,,,
BW_3m,BW,3,198,Water_NA_18,2023-05-25,May,3,,,0.025,1200,,NO3,1200,water,6,9:02,15:46,6:44,5,,1.313,,1.313,N,,,
GB_3m,GB,3,199,Water_NA_19,2023-05-25,May,1,,,0.025,0,,NO3,0,water,6,8:54,15:23,6:29,3,,0.027,,0.027,N,,,
GB_3m,GB,3,200,Water_NA_20,2023-05-25,May,2,,,0.025,0,,NO3,0,water,6,8:54,15:23,6:29,3,,0.024,,0.024,N,,,
GB_3m,GB,3,201,Water_NA_21,2023-05-25,May,3,,,0.025,0,,NO3,0,water,6,8:54,15:23,6:29,3,,0.023,,0.023,N,,,
GB_3m,GB,3,202,Water_NA_22,2023-05-25,May,1,,,0.025,100,,NO3,100,water,6,8:55,15:31,6:36,4,,0.117,,0.117,N,,,
GB_3m,GB,3,203,Water_NA_23,2023-05-25,May,2,,,0.025,100,,NO3,100,water,6,8:56,15:31,6:35,4,,0.131,,0.131,N,,,
GB_3m,GB,3,204,Water_NA_24,2023-05-25,May,3,,,0.025,100,,NO3,100,water,6,8:56,15:31,6:35,4,,0.112,,0.112,N,,,
GB_3m,GB,3,205,Water_NA_25,2023-05-25,May,1,,,0.025,200,,NO3,200,water,6,8:57,15:34,6:37,4,,0.237,,0.237,N,,,
GB_3m,GB,3,206,Water_NA_26,2023-05-25,May,2,,,0.025,200,,NO3,200,water,6,8:57,15:34,6:37,4,,0.206,,0.206,N,,,
GB_3m,GB,3,207,Water_NA_27,2023-05-25,May,3,,,0.025,200,,NO3,200,water,6,8:57,15:34,6:37,4,,0.232,,0.232,N,,,
GB_3m,GB,3,208,Water_NA_28,2023-05-25,May,1,,,0.025,500,,NO3,500,water,6,8:59,15:38,6:39,4,,0.524,,0.524,N,,,
GB_3m,GB,3,209,Water_NA_29,2023-05-25,May,2,,,0.025,500,,NO3,500,water,6,8:59,15:38,6:39,4,,0.527,,0.527,N,,,
GB_3m,GB,3,210,Water_NA_30,2023-05-25,May,3,,,0.025,500,,NO3,500,water,6,8:59,15:38,6:39,4,,0.582,,0.582,N,,,
GB_3m,GB,3,211,Water_NA_31,2023-05-25,May,1,,,0.025,800,,NO3,800,water,6,9:00,15:40,6:40,4,no3 looked really low,0.283,,0.283,Y,,,
GB_3m,GB,3,212,Water_NA_32,2023-05-25,May,2,,,0.025,800,,NO3,800,water,6,9:01,15:40,6:39,4,,0.898,,0.898,N,,,
GB_3m,GB,3,213,Water_NA_33,2023-05-25,May,3,,,0.025,800,,NO3,800,water,6,9:01,15:40,6:39,4,,0.818,,0.818,N,,,
GB_3m,GB,3,214,Water_NA_34,2023-05-25,May,1,,,0.025,1200,,NO3,1200,water,6,9:02,15:46,6:44,5,,1.255,,1.255,N,,,
GB_3m,GB,3,215,Water_NA_35,2023-05-25,May,2,,,0.025,1200,,NO3,1200,water,6,9:02,15:46,6:44,5,,1.278,,1.278,N,,,
GB_3m,GB,3,216,Water_NA_36,2023-05-25,May,3,,,0.025,1200,,NO3,1200,water,6,9:02,15:46,6:44,5,,1.218,,1.218,N,,,
BW0.5m,BW,0.5,217,Sed_NA_145,2023-05-24,May,1,2020,2.02,0.025,,0,NH3,0,sediment,6,9:06,15:50,6:44,5,,,0.0231,0.0231,N,0.247,1.521578507,
BW0.5m,BW,0.5,218,Sed_NA_146,2023-05-24,May,2,2090,2.09,0.025,,0,NH3,0,sediment,6,9:06,15:50,6:44,5,"cracked, spilled",,,,,0.247,1.574306475,
BW0.5m,BW,0.5,219,Sed_NA_147,2023-05-24,May,3,2010,2.01,0.025,,0,NH3,0,sediment,6,9:06,15:50,6:44,5,,,0.0101,0.0101,N,0.247,1.51404594,
BW0.5m,BW,0.5,220,Sed_NA_148,2023-05-24,May,1,1960,1.96,0.025,,100,NH3,100,sediment,6,9:08,15:56,6:48,5,,,0.0759,0.0759,N,0.247,1.476383106,
BW0.5m,BW,0.5,221,Sed_NA_149,2023-05-24,May,2,2050,2.05,0.025,,100,NH3,100,sediment,6,9:08,15:56,6:48,5,,,0.097,0.097,N,0.247,1.544176207,
BW0.5m,BW,0.5,222,Sed_NA_150,2023-05-24,May,3,2020,2.02,0.025,,100,NH3,100,sediment,6,9:08,15:56,6:48,5,,,0.076,0.076,N,0.247,1.521578507,
BW0.5m,BW,0.5,223,Sed_NA_151,2023-05-24,May,1,1960,1.96,0.025,,200,NH3,200,sediment,6,9:09,16:02,6:53,5,,,0.1326,0.1326,N,0.247,1.476383106,
BW0.5m,BW,0.5,224,Sed_NA_152,2023-05-24,May,2,2090,2.09,0.025,,200,NH3,200,sediment,6,9:09,16:02,6:53,5,,,0.1318,0.1318,N,0.247,1.574306475,
BW0.5m,BW,0.5,225,Sed_NA_153,2023-05-24,May,3,2080,2.08,0.025,,200,NH3,200,sediment,6,9:09,16:02,6:53,5,,,0.1257,0.1257,N,0.247,1.566773908,
BW0.5m,BW,0.5,226,Sed_NA_154,2023-05-24,May,1,2080,2.08,0.025,,500,NH3,500,sediment,6,9:11,16:06,6:55,6,,,0.3104,0.3104,N,0.247,1.566773908,
BW0.5m,BW,0.5,227,Sed_NA_155,2023-05-24,May,2,2060,2.06,0.025,,500,NH3,500,sediment,6,9:11,16:06,6:55,6,,,0.327,0.327,N,0.247,1.551708774,
BW0.5m,BW,0.5,228,Sed_NA_156,2023-05-24,May,3,2000,2,0.025,,500,NH3,500,sediment,6,9:11,16:06,6:55,6,,,0.3169,0.3169,N,0.247,1.506513373,
BW0.5m,BW,0.5,229,Sed_NA_157,2023-05-24,May,1,1960,1.96,0.025,,800,NH3,800,sediment,6,9:13,16:11,6:58,6,,,0.352,0.352,N,0.247,1.476383106,
BW0.5m,BW,0.5,230,Sed_NA_158,2023-05-24,May,2,2090,2.09,0.025,,800,NH3,800,sediment,6,9:13,16:11,6:58,6,,,0.5378,0.5378,N,0.247,1.574306475,
BW0.5m,BW,0.5,231,Sed_NA_159,2023-05-24,May,3,2010,2.01,0.025,,800,NH3,800,sediment,6,9:13,16:11,6:58,6,,,0.559,0.559,N,0.247,1.51404594,
BW0.5m,BW,0.5,232,Sed_NA_160,2023-05-24,May,1,2070,2.07,0.025,,1200,NH3,1200,sediment,6,9:15,16:13,6:58,6,,,0.8318,0.8318,N,0.247,1.559241341,
BW0.5m,BW,0.5,233,Sed_NA_161,2023-05-24,May,2,2080,2.08,0.025,,1200,NH3,1200,sediment,6,9:15,16:13,6:58,6,,,0.8829,0.8829,N,0.247,1.566773908,
BW0.5m,BW,0.5,234,Sed_NA_162,2023-05-24,May,3,1980,1.98,0.025,,1200,NH3,1200,sediment,6,9:15,16:13,6:58,6,,,0.7895,0.7895,N,0.247,1.491448239,
BW_3m,BW,3,235,Sed_NA_163,2023-05-24,May,1,1940,1.94,0.025,,0,NH3,0,sediment,6,9:06,15:50,6:44,5,,,0.0182,0.0182,N,0.317,1.32502,
BW_3m,BW,3,236,Sed_NA_164,2023-05-24,May,2,2060,2.06,0.025,,0,NH3,0,sediment,6,9:06,15:50,6:44,5,,,0.0221,0.0221,N,0.317,1.40698,
BW_3m,BW,3,237,Sed_NA_165,2023-05-24,May,3,1920,1.92,0.025,,0,NH3,0,sediment,6,9:06,15:50,6:44,5,,,0.0103,0.0103,N,0.317,1.31136,
BW_3m,BW,3,238,Sed_NA_166,2023-05-24,May,1,1990,1.99,0.025,,100,NH3,100,sediment,6,9:07,15:56,6:49,5,,,0.0232,0.0232,N,0.317,1.35917,
BW_3m,BW,3,239,Sed_NA_167,2023-05-24,May,2,2100,2.1,0.025,,100,NH3,100,sediment,6,9:07,15:56,6:49,5,,,0.0098,0.0098,N,0.317,1.4343,
BW_3m,BW,3,240,Sed_NA_168,2023-05-24,May,3,1930,1.93,0.025,,100,NH3,100,sediment,6,9:07,15:56,6:49,5,,,0.0096,0.0096,N,0.317,1.31819,
BW_3m,BW,3,241,Sed_NA_169,2023-05-24,May,1,2070,2.07,0.025,,200,NH3,200,sediment,6,9:09,16:01,6:52,5,,,0.0326,0.0326,N,0.317,1.41381,
BW_3m,BW,3,242,Sed_NA_170,2023-05-24,May,2,2100,2.1,0.025,,200,NH3,200,sediment,6,9:09,16:01,6:52,5,,,0.0348,0.0348,N,0.317,1.4343,
BW_3m,BW,3,243,Sed_NA_171,2023-05-24,May,3,1950,1.95,0.025,,200,NH3,200,sediment,6,9:09,16:01,6:52,5,,,0.0445,0.0445,N,0.317,1.33185,
BW_3m,BW,3,244,Sed_NA_172,2023-05-24,May,1,2080,2.08,0.025,,500,NH3,500,sediment,6,9:10,16:03,6:53,6,,,0.2325,0.2325,N,0.317,1.42064,
BW_3m,BW,3,245,Sed_NA_173,2023-05-24,May,2,2000,2,0.025,,500,NH3,500,sediment,6,9:11,16:03,6:52,6,,,0.31,0.31,N,0.317,1.366,
BW_3m,BW,3,246,Sed_NA_174,2023-05-24,May,3,2000,2,0.025,,500,NH3,500,sediment,6,9:11,16:03,6:52,6,,,0.2409,0.2409,N,0.317,1.366,
BW_3m,BW,3,247,Sed_NA_175,2023-05-24,May,1,2090,2.09,0.025,,800,NH3,800,sediment,6,9:13,15:11,5:58,6,,,0.319,0.319,N,0.317,1.42747,
BW_3m,BW,3,248,Sed_NA_176,2023-05-24,May,2,2090,2.09,0.025,,800,NH3,800,sediment,6,9:13,15:11,5:58,6,,,0.4203,0.4203,N,0.317,1.42747,
BW_3m,BW,3,249,Sed_NA_177,2023-05-24,May,3,2100,2.1,0.025,,800,NH3,800,sediment,6,9:13,15:11,5:58,6,,,0.4213,0.4213,N,0.317,1.4343,
BW_3m,BW,3,250,Sed_NA_178,2023-05-24,May,1,1940,1.94,0.025,,1200,NH3,1200,sediment,6,9:14,16:13,6:59,6,,,0.682,0.682,N,0.317,1.32502,
BW_3m,BW,3,251,Sed_NA_179,2023-05-24,May,2,2030,2.03,0.025,,1200,NH3,1200,sediment,6,9:14,16:13,6:59,6,,,0.734,0.734,N,0.317,1.38649,
BW_3m,BW,3,252,Sed_NA_180,2023-05-24,May,3,2040,2.04,0.025,,1200,NH3,1200,sediment,6,9:14,16:13,6:59,6,,,0.6459,0.6459,N,0.317,1.39332,
SS_3m,SS,3,253,Sed_NA_181,2023-05-24,May,1,2060,2.06,0.025,,0,NH3,0,sediment,6,9:06,15:49,6:43,5,,,0.0116,0.0116,N,0.195,1.6583,
SS_3m,SS,3,254,Sed_NA_182,2023-05-24,May,2,1960,1.96,0.025,,0,NH3,0,sediment,6,9:06,15:49,6:43,5,,,0.0071,0.0071,N,0.195,1.5778,
SS_3m,SS,3,255,Sed_NA_183,2023-05-24,May,3,1900,1.9,0.025,,0,NH3,0,sediment,6,9:06,15:49,6:43,5,,,0.0116,0.0116,N,0.195,1.5295,
SS_3m,SS,3,256,Sed_NA_184,2023-05-24,May,1,2090,2.09,0.025,,100,NH3,100,sediment,6,9:07,15:56,6:49,5,,,0.0183,0.0183,N,0.195,1.68245,
SS_3m,SS,3,257,Sed_NA_185,2023-05-24,May,2,2070,2.07,0.025,,100,NH3,100,sediment,6,9:07,15:56,6:49,5,,,0.0118,0.0118,N,0.195,1.66635,
SS_3m,SS,3,258,Sed_NA_186,2023-05-24,May,3,1970,1.97,0.025,,100,NH3,100,sediment,6,9:07,15:56,6:49,5,,,0.0349,0.0349,N,0.195,1.58585,
SS_3m,SS,3,259,Sed_NA_187,2023-05-24,May,1,2000,2,0.025,,200,NH3,200,sediment,6,9:08,15:59,6:51,5,,,0.0676,0.0676,N,0.195,1.61,
SS_3m,SS,3,260,Sed_NA_188,2023-05-24,May,2,2050,2.05,0.025,,200,NH3,200,sediment,6,9:08,15:59,6:51,5,,,0.0568,0.0568,N,0.195,1.65025,
SS_3m,SS,3,261,Sed_NA_189,2023-05-24,May,3,2050,2.05,0.025,,200,NH3,200,sediment,6,9:08,15:59,6:51,5,,,0.0659,0.0659,N,0.195,1.65025,
SS_3m,SS,3,262,Sed_NA_190,2023-05-24,May,1,1990,1.99,0.025,,500,NH3,500,sediment,6,9:10,16:03,6:53,6,,,0.2717,0.2717,N,0.195,1.60195,
SS_3m,SS,3,263,Sed_NA_191,2023-05-24,May,2,1990,1.99,0.025,,500,NH3,500,sediment,6,9:10,16:03,6:53,6,,,0.3014,0.3014,N,0.195,1.60195,
SS_3m,SS,3,264,Sed_NA_192,2023-05-24,May,3,1980,1.98,0.025,,500,NH3,500,sediment,6,9:10,16:03,6:53,6,,,0.2927,0.2927,N,0.195,1.5939,
SS_3m,SS,3,265,Sed_NA_193,2023-05-24,May,1,2100,2.1,0.025,,800,NH3,800,sediment,6,9:12,16:07,6:55,6,,,0.4821,0.4821,N,0.195,1.6905,
SS_3m,SS,3,266,Sed_NA_194,2023-05-24,May,2,2070,2.07,0.025,,800,NH3,800,sediment,6,9:12,16:07,6:55,6,"Large Rock, dont shake",,0.4664,0.4664,N,0.195,1.66635,
SS_3m,SS,3,267,Sed_NA_195,2023-05-24,May,3,1990,1.99,0.025,,800,NH3,800,sediment,6,9:12,16:07,6:55,6,,,0.5157,0.5157,N,0.195,1.60195,
SS_3m,SS,3,268,Sed_NA_196,2023-05-24,May,1,2080,2.08,0.025,,1200,NH3,1200,sediment,6,9:14,16:12,6:58,6,,,0.759,0.759,N,0.195,1.6744,
SS_3m,SS,3,269,Sed_NA_197,2023-05-24,May,2,2060,2.06,0.025,,1200,NH3,1200,sediment,6,9:14,16:12,6:58,6,,,0.7658,0.7658,N,0.195,1.6583,
SS_3m,SS,3,270,Sed_NA_198,2023-05-24,May,3,2040,2.04,0.025,,1200,NH3,1200,sediment,6,9:14,16:12,6:58,6,,,0.7516,0.7516,N,0.195,1.6422,
BW_10m,BW,10,271,Sed_NA_199,2023-05-24,May,1,2110,2.11,0.025,,0,NH3,0,sediment,6,9:06,15:39,6:33,5,,,0.0088,0.0088,N,0.394,1.27866,
BW_10m,BW,10,272,Sed_NA_200,2023-05-24,May,2,2070,2.07,0.025,,0,NH3,0,sediment,6,9:06,15:39,6:33,5,,,0.0152,0.0152,N,0.394,1.25442,
BW_10m,BW,10,273,Sed_NA_201,2023-05-24,May,3,1940,1.94,0.025,,0,NH3,0,sediment,6,9:06,15:39,6:33,5,,,0.0091,0.0091,N,0.394,1.17564,
BW_10m,BW,10,274,Sed_NA_202,2023-05-24,May,1,2160,2.16,0.025,,100,NH3,100,sediment,6,9:07,15:51,6:44,5,,,0.0064,0.0064,N,0.394,1.30896,
BW_10m,BW,10,275,Sed_NA_203,2023-05-24,May,2,1900,1.9,0.025,,100,NH3,100,sediment,6,9:07,15:51,6:44,5,,,0.0163,0.0163,N,0.394,1.1514,
BW_10m,BW,10,276,Sed_NA_204,2023-05-24,May,3,2020,2.02,0.025,,100,NH3,100,sediment,6,9:07,15:51,6:44,5,,,0.0088,0.0088,N,0.394,1.22412,
BW_10m,BW,10,277,Sed_NA_205,2023-05-24,May,1,2190,2.19,0.025,,200,NH3,200,sediment,6,9:08,15:57,6:49,5,,,0.0068,0.0068,N,0.394,1.32714,
BW_10m,BW,10,278,Sed_NA_206,2023-05-24,May,2,1930,1.93,0.025,,200,NH3,200,sediment,6,9:08,15:57,6:49,5,,,0.0086,0.0086,N,0.394,1.16958,
BW_10m,BW,10,279,Sed_NA_207,2023-05-24,May,3,2050,2.05,0.025,,200,NH3,200,sediment,6,9:08,15:57,6:49,5,,,0.0172,0.0172,N,0.394,1.2423,
BW_10m,BW,10,280,Sed_NA_208,2023-05-24,May,1,2020,2.02,0.025,,500,NH3,500,sediment,6,9:10,16:02,6:52,5,,,0.0202,0.0202,N,0.394,1.22412,
BW_10m,BW,10,281,Sed_NA_209,2023-05-24,May,2,1960,1.96,0.025,,500,NH3,500,sediment,6,9:10,16:02,6:52,5,,,0.0289,0.0289,N,0.394,1.18776,
BW_10m,BW,10,282,Sed_NA_210,2023-05-24,May,3,1900,1.9,0.025,,500,NH3,500,sediment,6,9:10,16:02,6:52,5,,,0.0217,0.0217,N,0.394,1.1514,
BW_10m,BW,10,283,Sed_NA_211,2023-05-24,May,1,2080,2.08,0.025,,800,NH3,800,sediment,6,9:11,16:08,6:57,6,,,0.0948,0.0948,N,0.394,1.26048,
BW_10m,BW,10,284,Sed_NA_212,2023-05-24,May,2,1980,1.98,0.025,,800,NH3,800,sediment,6,9:11,16:08,6:57,6,,,0.1161,0.1161,N,0.394,1.19988,
BW_10m,BW,10,285,Sed_NA_213,2023-05-24,May,3,2140,2.14,0.025,,800,NH3,800,sediment,6,9:11,16:08,6:57,6,,,0.0926,0.0926,N,0.394,1.29684,
BW_10m,BW,10,286,Sed_NA_214,2023-05-24,May,1,2140,2.14,0.025,,1200,NH3,1200,sediment,6,9:13,16:12,6:59,6,,,0.2779,0.2779,N,0.394,1.29684,
BW_10m,BW,10,287,Sed_NA_215,2023-05-24,May,2,2050,2.05,0.025,,1200,NH3,1200,sediment,6,9:13,16:12,6:59,6,Worm,,0.338,0.338,N,0.394,1.2423,
BW_10m,BW,10,288,Sed_NA_216,2023-05-24,May,3,2050,2.05,0.025,,1200,NH3,1200,sediment,6,9:13,16:12,6:59,6,,,0.3033,0.3033,N,0.394,1.2423,
GB0.5m,GB,0.5,289,Sed_NA_217,2023-05-25,May,1,2189,2.189,0.025,,0,NH3,0,sediment,6,9:18,16:17,6:59,6,,,0.0216,0.0216,N,0.238,1.666965121,
GB0.5m,GB,0.5,290,Sed_NA_218,2023-05-25,May,2,2015.4,2.0154,0.025,,0,NH3,0,sediment,6,9:18,16:17,6:59,6,,,0.0373,0.0373,N,0.238,1.53476542,
GB0.5m,GB,0.5,291,Sed_NA_219,2023-05-25,May,3,2044.5,2.0445,0.025,,0,NH3,0,sediment,6,9:18,16:17,6:59,6,,,0.0385,0.0385,N,0.238,1.556925624,
GB0.5m,GB,0.5,292,Sed_NA_220,2023-05-25,May,1,2191.1,2.1911,0.025,,100,NH3,100,sediment,6,9:19,16:22,7:03,6,,,0.0945,0.0945,N,0.238,1.668564311,
GB0.5m,GB,0.5,293,Sed_NA_221,2023-05-25,May,2,2153.3,2.1533,0.025,,100,NH3,100,sediment,6,9:19,16:22,7:03,6,,,0.101,0.101,N,0.238,1.639778892,
GB0.5m,GB,0.5,294,Sed_NA_222,2023-05-25,May,3,2053.3,2.0533,0.025,,100,NH3,100,sediment,6,9:19,16:22,7:03,6,,,0.0868,0.0868,N,0.238,1.563626991,
GB0.5m,GB,0.5,295,Sed_NA_223,2023-05-25,May,1,2125.7,2.1257,0.025,,200,NH3,200,sediment,6,9:20,16:26,7:06,7,,,0.1814,0.1814,N,0.238,1.618760968,
GB0.5m,GB,0.5,296,Sed_NA_224,2023-05-25,May,2,2189.7,2.1897,0.025,,200,NH3,200,sediment,6,9:20,16:26,7:06,7,,,0.1982,0.1982,N,0.238,1.667498185,
GB0.5m,GB,0.5,297,Sed_NA_225,2023-05-25,May,3,2127.1,2.1271,0.025,,200,NH3,200,sediment,6,9:21,16:26,7:05,7,,,0.1745,0.1745,N,0.238,1.619827094,
GB0.5m,GB,0.5,298,Sed_NA_226,2023-05-25,May,1,2080.1,2.0801,0.025,,500,NH3,500,sediment,6,9:22,16:29,7:07,7,,,0.4333,0.4333,N,0.238,1.584035701,
GB0.5m,GB,0.5,299,Sed_NA_227,2023-05-25,May,2,2040,2.04,0.025,,500,NH3,500,sediment,6,9:22,16:29,7:07,7,,,0.4201,0.4201,N,0.238,1.553498788,
GB0.5m,GB,0.5,300,Sed_NA_228,2023-05-25,May,3,2149.8,2.1498,0.025,,500,NH3,500,sediment,6,9:22,16:29,7:07,7,,,0.4294,0.4294,N,0.238,1.637113576,
GB0.5m,GB,0.5,301,Sed_NA_229,2023-05-25,May,1,2128.7,2.1287,0.025,,800,NH3,800,sediment,6,9:24,16:36,7:12,7,,,0.6642,0.6642,N,0.238,1.621045525,
GB0.5m,GB,0.5,302,Sed_NA_230,2023-05-25,May,2,2195.6,2.1956,0.025,,800,NH3,800,sediment,6,9:24,16:36,7:12,7,,,0.6678,0.6678,N,0.238,1.671991147,
GB0.5m,GB,0.5,303,Sed_NA_231,2023-05-25,May,3,2174.9,2.1749,0.025,,800,NH3,800,sediment,6,9:24,16:36,7:12,7,,,0.7167,0.7167,N,0.238,1.656227703,
GB0.5m,GB,0.5,304,Sed_NA_232,2023-05-25,May,1,2097.8,2.0978,0.025,,1200,NH3,1200,sediment,6,9:26,16:37,7:11,7,,,1.0076,1.0076,N,0.238,1.597514587,
GB0.5m,GB,0.5,305,Sed_NA_233,2023-05-25,May,2,2164.8,2.1648,0.025,,1200,NH3,1200,sediment,6,9:26,16:37,7:11,7,,,0.4223,0.4223,Y,0.238,1.648536361,
GB0.5m,GB,0.5,306,Sed_NA_234,2023-05-25,May,3,2119.3,2.1193,0.025,,1200,NH3,1200,sediment,6,9:26,16:37,7:11,7,,,0.9706,0.9706,N,0.238,1.613887246,
GB_3m,GB,3,307,Sed_NA_235,2023-05-25,May,1,2061.9,2.0619,0.025,,0,NH3,0,sediment,6,9:18,16:18,7:00,6,,,0.0025,0.0025,N,0.250,1.546425,
GB_3m,GB,3,308,Sed_NA_236,2023-05-25,May,2,2096.9,2.0969,0.025,,0,NH3,0,sediment,6,9:18,16:18,7:00,6,,,0.0039,0.0039,N,0.250,1.572675,
GB_3m,GB,3,309,Sed_NA_237,2023-05-25,May,3,2120.6,2.1206,0.025,,0,NH3,0,sediment,6,9:18,16:18,7:00,6,,,0.0017,0.0017,N,0.250,1.59045,
GB_3m,GB,3,310,Sed_NA_238,2023-05-25,May,1,2059.2,2.0592,0.025,,100,NH3,100,sediment,6,9:19,16:23,7:04,6,,,0.008,0.008,N,0.250,1.5444,
GB_3m,GB,3,311,Sed_NA_239,2023-05-25,May,2,2181.7,2.1817,0.025,,100,NH3,100,sediment,6,9:19,16:23,7:04,6,,,0.0025,0.0025,N,0.250,1.636275,
GB_3m,GB,3,312,Sed_NA_240,2023-05-25,May,3,2178.2,2.1782,0.025,,100,NH3,100,sediment,6,9:19,16:23,7:04,6,,,0.0075,0.0075,N,0.250,1.63365,
GB_3m,GB,3,313,Sed_NA_241,2023-05-25,May,1,2160,2.16,0.025,,200,NH3,200,sediment,6,9:21,16:27,7:06,7,,,0.042,0.042,N,0.250,1.62,
GB_3m,GB,3,314,Sed_NA_242,2023-05-25,May,2,2172.4,2.1724,0.025,,200,NH3,200,sediment,6,9:21,16:27,7:06,7,,,0.0448,0.0448,N,0.250,1.6293,
GB_3m,GB,3,315,Sed_NA_243,2023-05-25,May,3,2036.6,2.0366,0.025,,200,NH3,200,sediment,6,9:21,16:27,7:06,7,,,0.0406,0.0406,N,0.250,1.52745,
GB_3m,GB,3,316,Sed_NA_244,2023-05-25,May,1,2119.1,2.1191,0.025,,500,NH3,500,sediment,6,9:23,16:32,7:09,7,,,0.2544,0.2544,N,0.250,1.589325,
GB_3m,GB,3,317,Sed_NA_245,2023-05-25,May,2,2136.3,2.1363,0.025,,500,NH3,500,sediment,6,9:23,16:32,7:09,7,,,0.2506,0.2506,N,0.250,1.602225,
GB_3m,GB,3,318,Sed_NA_246,2023-05-25,May,3,1991.8,1.9918,0.025,,500,NH3,500,sediment,6,9:23,16:32,7:09,7,,,0.2684,0.2684,N,0.250,1.49385,
GB_3m,GB,3,319,Sed_NA_247,2023-05-25,May,1,2087.4,2.0874,0.025,,800,NH3,800,sediment,6,9:24,16:36,7:12,7,,,0.4798,0.4798,N,0.250,1.56555,
GB_3m,GB,3,320,Sed_NA_248,2023-05-25,May,2,2192.2,2.1922,0.025,,800,NH3,800,sediment,6,9:24,16:36,7:12,7,,,0.4596,0.4596,N,0.250,1.64415,
GB_3m,GB,3,321,Sed_NA_249,2023-05-25,May,3,2084.3,2.0843,0.025,,800,NH3,800,sediment,6,9:24,16:36,7:12,7,,,0.4687,0.4687,N,0.250,1.563225,
GB_3m,GB,3,322,Sed_NA_250,2023-05-25,May,1,1944.7,1.9447,0.025,,1200,NH3,1200,sediment,6,9:26,16:40,7:14,7,,,0.7842,0.7842,N,0.250,1.458525,
GB_3m,GB,3,323,Sed_NA_251,2023-05-25,May,2,2172.8,2.1728,0.025,,1200,NH3,1200,sediment,6,9:26,16:40,7:14,7,,,0.7081,0.7081,N,0.250,1.6296,
GB_3m,GB,3,324,Sed_NA_252,2023-05-25,May,3,2093.2,2.0932,0.025,,1200,NH3,1200,sediment,6,9:26,16:40,7:14,7,,,0.3879,0.3879,Y,0.250,1.5699,
SH_3m,SH,3,325,Sed_NA_253,2023-05-25,May,1,2050,2.05,0.025,,0,NH3,0,sediment,6,9:18,16:19,7:01,6,,,0.0028,0.0028,N,0.201,1.63795,
SH_3m,SH,3,326,Sed_NA_254,2023-05-25,May,2,2000,2,0.025,,0,NH3,0,sediment,6,9:18,16:19,7:01,6,,,0.0073,0.0073,N,0.201,1.598,
SH_3m,SH,3,327,Sed_NA_255,2023-05-25,May,3,1940,1.94,0.025,,0,NH3,0,sediment,6,9:18,16:19,7:01,6,,,0.0079,0.0079,N,0.201,1.55006,
SH_3m,SH,3,328,Sed_NA_256,2023-05-25,May,1,2010,2.01,0.025,,100,NH3,100,sediment,6,9:19,16:23,7:04,7,,,0.0508,0.0508,N,0.201,1.60599,
SH_3m,SH,3,329,Sed_NA_257,2023-05-25,May,2,2070,2.07,0.025,,100,NH3,100,sediment,6,9:19,16:23,7:04,7,,,0.0513,0.0513,N,0.201,1.65393,
SH_3m,SH,3,330,Sed_NA_258,2023-05-25,May,3,2090,2.09,0.025,,100,NH3,100,sediment,6,9:19,16:23,7:04,7,,,0.0662,0.0662,N,0.201,1.66991,
SH_3m,SH,3,331,Sed_NA_259,2023-05-25,May,1,2090,2.09,0.025,,200,NH3,200,sediment,6,9:21,16:29,7:08,7,,,0.1424,0.1424,N,0.201,1.66991,
SH_3m,SH,3,332,Sed_NA_260,2023-05-25,May,2,1980,1.98,0.025,,200,NH3,200,sediment,6,9:21,16:29,7:08,7,,,0.1262,0.1262,N,0.201,1.58202,
SH_3m,SH,3,333,Sed_NA_261,2023-05-25,May,3,2100,2.1,0.025,,200,NH3,200,sediment,6,9:21,16:29,7:08,7,,,0.1335,0.1335,N,0.201,1.6779,
SH_3m,SH,3,334,Sed_NA_262,2023-05-25,May,1,2010,2.01,0.025,,500,NH3,500,sediment,6,9:23,16:31,7:08,7,,,0.3488,0.3488,N,0.201,1.60599,
SH_3m,SH,3,335,Sed_NA_263,2023-05-25,May,2,2060,2.06,0.025,,500,NH3,500,sediment,6,9:23,16:31,7:08,7,,,0.3801,0.3801,N,0.201,1.64594,
SH_3m,SH,3,336,Sed_NA_264,2023-05-25,May,3,2010,2.01,0.025,,500,NH3,500,sediment,6,9:23,16:31,7:08,7,,,0.3384,0.3384,N,0.201,1.60599,
SH_3m,SH,3,337,Sed_NA_265,2023-05-25,May,1,2080,2.08,0.025,,800,NH3,800,sediment,6,9:25,16:33,7:08,7,,,0.5796,0.5796,N,0.201,1.66192,
SH_3m,SH,3,338,Sed_NA_266,2023-05-25,May,2,1980,1.98,0.025,,800,NH3,800,sediment,6,9:25,16:33,7:08,7,,,0.6282,0.6282,N,0.201,1.58202,
SH_3m,SH,3,339,Sed_NA_267,2023-05-25,May,3,2090,2.09,0.025,,800,NH3,800,sediment,6,9:25,16:33,7:08,7,,,0.5105,0.5105,N,0.201,1.66991,
SH_3m,SH,3,340,Sed_NA_268,2023-05-25,May,1,2100,2.1,0.025,,1200,NH3,1200,sediment,6,9:26,16:41,7:15,7,,,0.8843,0.8843,N,0.201,1.6779,
SH_3m,SH,3,341,Sed_NA_269,2023-05-25,May,2,2100,2.1,0.025,,1200,NH3,1200,sediment,6,9:26,16:41,7:15,7,,,0.8239,0.8239,N,0.201,1.6779,
SH_3m,SH,3,342,Sed_NA_270,2023-05-25,May,3,1990,1.99,0.025,,1200,NH3,1200,sediment,6,9:27,16:41,7:14,7,,,0.9251,0.9251,N,0.201,1.59001,
GB_10m,GB,10,343,Sed_NA_271,2023-05-25,May,1,2012.8,2.0128,0.025,,0,NH3,0,sediment,6,9:18,16:20,7:02,6,,,0.0098,0.0098,N,0.286,1.4371392,
GB_10m,GB,10,344,Sed_NA_272,2023-05-25,May,2,2146.6,2.1466,0.025,,0,NH3,0,sediment,6,9:18,16:20,7:02,6,,,0.0069,0.0069,N,0.286,1.5326724,
GB_10m,GB,10,345,Sed_NA_273,2023-05-25,May,3,2180,2.18,0.025,,0,NH3,0,sediment,6,9:18,16:20,7:02,6,,,0.0069,0.0069,N,0.286,1.55652,
GB_10m,GB,10,346,Sed_NA_274,2023-05-25,May,1,2073.7,2.0737,0.025,,100,NH3,100,sediment,6,9:20,16:25,7:05,7,Alternate Lid,,0.0188,0.0188,N,0.286,1.4806218,
GB_10m,GB,10,347,Sed_NA_275,2023-05-25,May,2,2072.4,2.0724,0.025,,100,NH3,100,sediment,6,9:20,16:25,7:05,7,,,0.0147,0.0147,N,0.286,1.4796936,
GB_10m,GB,10,348,Sed_NA_276,2023-05-25,May,3,2012.8,2.0128,0.025,,100,NH3,100,sediment,6,9:20,16:25,7:05,7,,,0.0212,0.0212,N,0.286,1.4371392,
GB_10m,GB,10,349,Sed_NA_277,2023-05-25,May,1,2175.8,2.1758,0.025,,200,NH3,200,sediment,6,9:22,16:28,7:06,7,,,0.0611,0.0611,N,0.286,1.5535212,
GB_10m,GB,10,350,Sed_NA_278,2023-05-25,May,2,2141,2.141,0.025,,200,NH3,200,sediment,6,9:22,16:28,7:06,7,,,0.0584,0.0584,N,0.286,1.528674,
GB_10m,GB,10,351,Sed_NA_279,2023-05-25,May,3,21843,21.843,0.025,,200,NH3,200,sediment,6,9:22,16:28,7:06,7,,,0.0536,0.0536,N,0.286,15.595902,
GB_10m,GB,10,352,Sed_NA_280,2023-05-25,May,1,1997.1,1.9971,0.025,,500,NH3,500,sediment,6,9:24,16:30,7:06,7,,,0.289,0.289,N,0.286,1.4259294,
GB_10m,GB,10,353,Sed_NA_281,2023-05-25,May,2,2172.5,2.1725,0.025,,500,NH3,500,sediment,6,9:24,16:30,7:06,7,,,0.2512,0.2512,N,0.286,1.551165,
GB_10m,GB,10,354,Sed_NA_282,2023-05-25,May,3,2000,2,0.025,,500,NH3,500,sediment,6,9:24,16:30,7:06,7,,,0.2753,0.2753,N,0.286,1.428,
GB_10m,GB,10,355,Sed_NA_283,2023-05-25,May,1,2100,2.1,0.025,,800,NH3,800,sediment,6,9:25,16:38,7:13,7,,,0.4454,0.4454,N,0.286,1.4994,
GB_10m,GB,10,356,Sed_NA_284,2023-05-25,May,2,2200,2.2,0.025,,800,NH3,800,sediment,6,9:25,16:38,7:13,7,,,0.425,0.425,N,0.286,1.5708,
GB_10m,GB,10,357,Sed_NA_285,2023-05-25,May,3,2200,2.2,0.025,,800,NH3,800,sediment,6,9:25,16:38,7:13,7,,,0.4141,0.4141,N,0.286,1.5708,
GB_10m,GB,10,358,Sed_NA_286,2023-05-25,May,1,2100,2.1,0.025,,1200,NH3,1200,sediment,6,9:27,16:44,7:17,8,,,0.8068,0.8068,N,0.286,1.4994,
GB_10m,GB,10,359,Sed_NA_287,2023-05-25,May,2,2100,2.1,0.025,,1200,NH3,1200,sediment,6,9:27,16:44,7:17,8,,,0.7995,0.7995,N,0.286,1.4994,
GB_10m,GB,10,360,Sed_NA_288,2023-05-25,May,3,2200,2.2,0.025,,1200,NH3,1200,sediment,6,9:27,16:44,7:17,8,,,0.8261,0.8261,N,0.286,1.5708,
BW0.5m,BW,0.5,361,Biofilm_NA_37,2023-05-24,May,1,2100,2.1,0.025,,0,NH3,0,biofilm,6,9:31,16:47,7:16,8,,,0.0047,0.0047,N,,,
BW0.5m,BW,0.5,362,Biofilm_NA_38,2023-05-24,May,2,2030,2.03,0.025,,0,NH3,0,biofilm,6,9:31,16:47,7:16,8,,,0.0069,0.0069,N,,,
BW0.5m,BW,0.5,363,Biofilm_NA_39,2023-05-24,May,3,2060,2.06,0.025,,0,NH3,0,biofilm,6,9:31,16:47,7:16,8,,,0.0003,0.0003,N,,,
BW0.5m,BW,0.5,364,Biofilm_NA_40,2023-05-24,May,1,2030,2.03,0.025,,100,NH3,100,biofilm,6,9:33,16:54,7:21,8,,,0.0035,0.0035,N,,,
BW0.5m,BW,0.5,365,Biofilm_NA_41,2023-05-24,May,2,2040,2.04,0.025,,100,NH3,100,biofilm,6,9:33,16:54,7:21,8,,,0.0304,0.0304,N,,,
BW0.5m,BW,0.5,366,Biofilm_NA_42,2023-05-24,May,3,2010,2.01,0.025,,100,NH3,100,biofilm,6,9:33,16:54,7:21,8,,,0.017,0.017,N,,,
BW0.5m,BW,0.5,367,Biofilm_NA_43,2023-05-24,May,1,2050,2.05,0.025,,200,NH3,200,biofilm,6,9:35,16:55,7:20,8,,,0.0081,0.0081,N,,,
BW0.5m,BW,0.5,368,Biofilm_NA_44,2023-05-24,May,2,2000,2,0.025,,200,NH3,200,biofilm,6,9:35,16:55,7:20,8,,,0.0093,0.0093,N,,,
BW0.5m,BW,0.5,369,Biofilm_NA_45,2023-05-24,May,3,2030,2.03,0.025,,200,NH3,200,biofilm,6,9:35,16:55,7:20,8,,,0.0233,0.0233,N,,,
BW0.5m,BW,0.5,370,Biofilm_NA_46,2023-05-24,May,1,2080,2.08,0.025,,500,NH3,500,biofilm,6,9:36,17:00,7:24,8,,,0.1291,0.1291,N,,,
BW0.5m,BW,0.5,371,Biofilm_NA_47,2023-05-24,May,2,1890,1.89,0.025,,500,NH3,500,biofilm,6,9:36,17:00,7:24,8,,,0.0976,0.0976,N,,,
BW0.5m,BW,0.5,372,Biofilm_NA_48,2023-05-24,May,3,2090,2.09,0.025,,500,NH3,500,biofilm,6,9:36,17:00,7:24,8,,,0.0837,0.0837,N,,,
BW0.5m,BW,0.5,373,Biofilm_NA_49,2023-05-24,May,1,2020,2.02,0.025,,800,NH3,800,biofilm,6,9:38,17:09,7:31,9,,,0.3388,0.3388,N,,,
BW0.5m,BW,0.5,374,Biofilm_NA_50,2023-05-24,May,2,2030,2.03,0.025,,800,NH3,800,biofilm,6,9:38,17:09,7:31,9,,,0.304,0.304,N,,,
BW0.5m,BW,0.5,375,Biofilm_NA_51,2023-05-24,May,3,2060,2.06,0.025,,800,NH3,800,biofilm,6,9:38,17:09,7:31,9,,,0.3063,0.3063,N,,,
BW0.5m,BW,0.5,376,Biofilm_NA_52,2023-05-24,May,1,2040,2.04,0.025,,1200,NH3,1200,biofilm,6,9:39,17:12,7:33,9,,,0.69,0.69,N,,,
BW0.5m,BW,0.5,377,Biofilm_NA_53,2023-05-24,May,2,2030,2.03,0.025,,1200,NH3,1200,biofilm,6,9:39,17:12,7:33,9,,,0.6772,0.6772,N,,,
BW0.5m,BW,0.5,378,Biofilm_NA_54,2023-05-24,May,3,2060,2.06,0.025,,1200,NH3,1200,biofilm,6,9:39,17:12,7:33,9,,,0.6642,0.6642,N,,,
GB0.5m,GB,0.5,379,Biofilm_NA_55,2023-05-25,May,1,2030,2.03,0.025,,0,NH3,0,biofilm,6,9:31,16:48,7:17,8,,,0.1399,0.1399,N,,,
GB0.5m,GB,0.5,380,Biofilm_NA_56,2023-05-25,May,2,2030,2.03,0.025,,0,NH3,0,biofilm,6,9:31,16:48,7:17,8,,,0.0373,0.0373,N,,,
GB0.5m,GB,0.5,381,Biofilm_NA_57,2023-05-25,May,3,2030,2.03,0.025,,0,NH3,0,biofilm,6,9:31,16:48,7:17,8,,,0.0249,0.0249,N,,,
GB0.5m,GB,0.5,382,Biofilm_NA_58,2023-05-25,May,1,2030,2.03,0.025,,100,NH3,100,biofilm,6,9:33,16:53,7:20,8,,,0.1101,0.1101,N,,,
GB0.5m,GB,0.5,383,Biofilm_NA_59,2023-05-25,May,2,2020,2.02,0.025,,100,NH3,100,biofilm,6,9:33,16:53,7:20,8,,,0.1311,0.1311,N,,,
GB0.5m,GB,0.5,384,Biofilm_NA_60,2023-05-25,May,3,2070,2.07,0.025,,100,NH3,100,biofilm,6,9:33,16:53,7:20,8,,,0.1158,0.1158,N,,,
GB0.5m,GB,0.5,385,Biofilm_NA_61,2023-05-25,May,1,2060,2.06,0.025,,200,NH3,200,biofilm,6,9:34,16:58,7:24,8,,,0.1988,0.1988,N,,,
GB0.5m,GB,0.5,386,Biofilm_NA_62,2023-05-25,May,2,2010,2.01,0.025,,200,NH3,200,biofilm,6,9:34,16:58,7:24,8,,,0.1971,0.1971,N,,,
GB0.5m,GB,0.5,387,Biofilm_NA_63,2023-05-25,May,3,2010,2.01,0.025,,200,NH3,200,biofilm,6,9:34,16:58,7:24,8,,,0.153,0.153,N,,,
GB0.5m,GB,0.5,388,Biofilm_NA_64,2023-05-25,May,1,2030,2.03,0.025,,500,NH3,500,biofilm,6,9:36,17:03,7:27,9,,,0.3897,0.3897,N,,,
GB0.5m,GB,0.5,389,Biofilm_NA_65,2023-05-25,May,2,2040,2.04,0.025,,500,NH3,500,biofilm,6,9:36,17:03,7:27,9,,,0.4842,0.4842,N,,,
GB0.5m,GB,0.5,390,Biofilm_NA_66,2023-05-25,May,3,2010,2.01,0.025,,500,NH3,500,biofilm,6,9:36,17:03,7:27,9,,,0.4911,0.4911,N,,,
GB0.5m,GB,0.5,391,Biofilm_NA_67,2023-05-25,May,1,2040,2.04,0.025,,800,NH3,800,biofilm,6,9:37,17:08,7:31,9,,,0.8017,0.8017,N,,,
GB0.5m,GB,0.5,392,Biofilm_NA_68,2023-05-25,May,2,2000,2,0.025,,800,NH3,800,biofilm,6,9:37,17:08,7:31,9,,,0.7423,0.7423,N,,,
GB0.5m,GB,0.5,393,Biofilm_NA_69,2023-05-25,May,3,2020,2.02,0.025,,800,NH3,800,biofilm,6,9:37,17:08,7:31,9,,,0.7145,0.7145,N,,,
GB0.5m,GB,0.5,394,Biofilm_NA_70,2023-05-25,May,1,2030,2.03,0.025,,1200,NH3,1200,biofilm,6,9:39,17:12,7:33,9,,,1.1199,1.1199,N,,,
GB0.5m,GB,0.5,395,Biofilm_NA_71,2023-05-25,May,2,2000,2,0.025,,1200,NH3,1200,biofilm,6,9:39,17:12,7:33,9,,,1.105,1.105,N,,,
GB0.5m,GB,0.5,396,Biofilm_NA_72,2023-05-25,May,3,2040,2.04,0.025,,1200,NH3,1200,biofilm,6,9:39,17:12,7:33,9,,,1.0797,1.0797,N,,,
BW_3m,BW,3,397,Water_NA_37,2023-05-25,May,1,2040,,0.025,,0,NH3,0,water,6,9:31,16:46,7:15,8,,,0.0701,0.0701,N,,,
BW_3m,BW,3,398,Water_NA_38,2023-05-25,May,2,,,0.025,,0,NH3,0,water,6,9:31,16:46,7:15,8,,,0.0185,0.0185,N,,,
BW_3m,BW,3,399,Water_NA_39,2023-05-25,May,3,,,0.025,,0,NH3,0,water,6,9:31,16:46,7:15,8,,,0.017,0.017,N,,,
BW_3m,BW,3,400,Water_NA_40,2023-05-25,May,1,,,0.025,,100,NH3,100,water,6,9:32,16:49,7:17,8,,,0.1002,0.1002,N,,,
BW_3m,BW,3,401,Water_NA_41,2023-05-25,May,2,,,0.025,,100,NH3,100,water,6,9:32,16:49,7:17,8,,,0.1078,0.1078,N,,,
BW_3m,BW,3,402,Water_NA_42,2023-05-25,May,3,,,0.025,,100,NH3,100,water,6,9:32,16:49,7:17,8,,,0.1134,0.1134,N,,,
BW_3m,BW,3,403,Water_NA_43,2023-05-25,May,1,,,0.025,,200,NH3,200,water,6,9:34,16:58,7:24,8,,,0.1974,0.1974,N,,,
BW_3m,BW,3,404,Water_NA_44,2023-05-25,May,2,,,0.025,,200,NH3,200,water,6,9:34,16:58,7:24,8,,,0.1948,0.1948,N,,,
BW_3m,BW,3,405,Water_NA_45,2023-05-25,May,3,,,0.025,,200,NH3,200,water,6,9:34,16:58,7:24,8,,,0.2165,0.2165,N,,,
BW_3m,BW,3,406,Water_NA_46,2023-05-25,May,1,,,0.025,,500,NH3,500,water,6,9:35,16:59,7:24,8,,,0.5054,0.5054,N,,,
BW_3m,BW,3,407,Water_NA_47,2023-05-25,May,2,,,0.025,,500,NH3,500,water,6,9:35,16:59,7:24,8,,,0.5198,0.5198,N,,,
BW_3m,BW,3,408,Water_NA_48,2023-05-25,May,3,,,0.025,,500,NH3,500,water,6,9:36,16:59,7:23,8,,,0.4925,0.4925,N,,,
BW_3m,BW,3,409,Water_NA_49,2023-05-25,May,1,,,0.025,,800,NH3,800,water,6,9:37,17:04,7:27,9,,,0.7293,0.7293,N,,,
BW_3m,BW,3,410,Water_NA_50,2023-05-25,May,2,,,0.025,,800,NH3,800,water,6,9:37,17:04,7:27,9,,,0.7878,0.7878,N,,,
BW_3m,BW,3,411,Water_NA_51,2023-05-25,May,3,,,0.025,,800,NH3,800,water,6,9:37,17:04,7:27,9,,,0.7842,0.7842,N,,,
BW_3m,BW,3,412,Water_NA_52,2023-05-25,May,1,,,0.025,,1200,NH3,1200,water,6,9:39,17:10,7:31,9,,,0.7319,0.7319,N,,,
BW_3m,BW,3,413,Water_NA_53,2023-05-25,May,2,,,0.025,,1200,NH3,1200,water,6,9:39,17:10,7:31,9,,,1.1745,1.1745,N,,,
BW_3m,BW,3,414,Water_NA_54,2023-05-25,May,3,,,0.025,,1200,NH3,1200,water,6,9:39,17:10,7:31,9,,,1.0346,1.0346,N,,,
GB_3m,GB,3,415,Water_NA_55,2023-05-25,May,1,,,0.025,,0,NH3,0,water,6,9:31,16:46,7:15,8,,,0.01,0.01,N,,,
GB_3m,GB,3,416,Water_NA_56,2023-05-25,May,2,,,0.025,,0,NH3,0,water,6,9:31,16:46,7:15,8,,,0.0123,0.0123,N,,,
GB_3m,GB,3,417,Water_NA_57,2023-05-25,May,3,,,0.025,,0,NH3,0,water,6,9:31,16:46,7:15,8,,,0.0088,0.0088,N,,,
GB_3m,GB,3,418,Water_NA_58,2023-05-25,May,1,,,0.025,,100,NH3,100,water,6,9:32,16:49,7:17,8,,,0.0995,0.0995,N,,,
GB_3m,GB,3,419,Water_NA_59,2023-05-25,May,2,,,0.025,,100,NH3,100,water,6,9:32,16:49,7:17,8,,,0.1211,0.1211,N,,,
GB_3m,GB,3,420,Water_NA_60,2023-05-25,May,3,,,0.025,,100,NH3,100,water,6,9:32,16:49,7:17,8,,,0.1066,0.1066,N,,,
GB_3m,GB,3,421,Water_NA_61,2023-05-25,May,1,,,0.025,,200,NH3,200,water,6,9:33,16:56,7:23,8,,,0.201,0.201,N,,,
GB_3m,GB,3,422,Water_NA_62,2023-05-25,May,2,,,0.025,,200,NH3,200,water,6,9:34,16:56,7:22,8,,,0.1985,0.1985,N,,,
GB_3m,GB,3,423,Water_NA_63,2023-05-25,May,3,,,0.025,,200,NH3,200,water,6,9:34,16:56,7:22,8,,,0.2112,0.2112,N,,,
GB_3m,GB,3,424,Water_NA_64,2023-05-25,May,1,,,0.025,,500,NH3,500,water,6,9:35,17:02,7:27,8,,,0.4257,0.4257,N,,,
GB_3m,GB,3,425,Water_NA_65,2023-05-25,May,2,,,0.025,,500,NH3,500,water,6,9:35,17:02,7:27,8,,,0.4649,0.4649,N,,,
GB_3m,GB,3,426,Water_NA_66,2023-05-25,May,3,,,0.025,,500,NH3,500,water,6,9:35,17:02,7:27,8,,,0.5003,0.5003,N,,,
GB_3m,GB,3,427,Water_NA_67,2023-05-25,May,1,,,0.025,,800,NH3,800,water,6,9:36,17:05,7:29,9,,,0.7783,0.7783,N,,,
GB_3m,GB,3,428,Water_NA_68,2023-05-25,May,2,,,0.025,,800,NH3,800,water,6,9:37,17:05,7:28,9,,,0.497,0.497,N,,,
GB_3m,GB,3,429,Water_NA_69,2023-05-25,May,3,,,0.025,,800,NH3,800,water,6,9:37,17:05,7:28,9,,,0.7791,0.7791,N,,,
GB_3m,GB,3,430,Water_NA_70,2023-05-25,May,1,,,0.025,,1200,NH3,1200,water,6,9:38,17:10,7:32,9,,,1.1721,1.1721,N,,,
GB_3m,GB,3,431,Water_NA_71,2023-05-25,May,2,,,0.025,,1200,NH3,1200,water,6,9:38,17:10,7:32,9,,,1.1633,1.1633,N,,,
GB_3m,GB,3,432,Water_NA_72,2023-05-25,May,3,,,0.025,,1200,NH3,1200,water,6,9:38,17:10,7:32,9,Alternate Lid,,1.1463,1.1463,N,,,
,NA,NA,,DI_blank1,2023-05-25,May,1,,,,,,NA,,,,,,0,,,0.023,0.0085,0.0085,N,,,
,NA,NA,,DI_blank2,2023-05-25,May,2,,,,,,NA,,,,,,0,,,0.014,0.0106,0.0106,N,,,
,NA,NA,,DI_blank3,2023-05-25,May,3,,,,,,NA,,,,,,0,,,0.017,0.008,0.008,N,,,
BW_3m,BW,3,,Lake_spike_NH3_0_1,2023-05-24,May,1,,,,,0,NH3,0,spike,,,,,,,,0.0405,0.0405,N,,,
BW_3m,BW,3,,Lake_spike_NH3_0_2,2023-05-24,May,2,,,,,0,NH3,0,spike,,,,,,,,0.0073,0.0073,N,,,
BW_3m,BW,3,,Lake_spike_NH3_0_3,2023-05-24,May,3,,,,,0,NH3,0,spike,,,,,,,,0.017,0.017,N,,,
BW_3m,BW,3,,Lake_spike_NH3_100_1,2023-05-24,May,1,,,,,100,NH3,100,spike,,,,,,,,0.1033,0.1033,N,,,
BW_3m,BW,3,,Lake_spike_NH3_100_2,2023-05-24,May,2,,,,,100,NH3,100,spike,,,,,,,,0.1006,0.1006,N,,,
BW_3m,BW,3,,Lake_spike_NH3_100_3,2023-05-24,May,3,,,,,100,NH3,100,spike,,,,,,,,0.1053,0.1053,N,,,
BW_3m,BW,3,,Lake_spike_NH3_200_1,2023-05-24,May,1,,,,,200,NH3,200,spike,,,,,,,,0.1947,0.1947,N,,,
BW_3m,BW,3,,Lake_spike_NH3_200_2,2023-05-24,May,2,,,,,200,NH3,200,spike,,,,,,,,0.2161,0.2161,N,,,
BW_3m,BW,3,,Lake_spike_NH3_200_3,2023-05-24,May,3,,,,,200,NH3,200,spike,,,,,,,,0.1803,0.1803,N,,,
BW_3m,BW,3,,Lake_spike_NH3_500_1,2023-05-24,May,1,,,,,500,NH3,500,spike,,,,,,,,0.4769,0.4769,N,,,
BW_3m,BW,3,,Lake_spike_NH3_500_2,2023-05-24,May,2,,,,,500,NH3,500,spike,,,,,,,,0.3898,0.3898,N,,,
BW_3m,BW,3,,Lake_spike_NH3_500_3,2023-05-24,May,3,,,,,500,NH3,500,spike,,,,,,,,0.4874,0.4874,N,,,
BW_3m,BW,3,,Lake_spike_NH3_800_1,2023-05-24,May,1,,,,,800,NH3,800,spike,,,,,,,,0.7816,0.7816,N,,,
BW_3m,BW,3,,Lake_spike_NH3_800_2,2023-05-24,May,2,,,,,800,NH3,800,spike,,,,,,,,0.773,0.773,N,,,
BW_3m,BW,3,,Lake_spike_NH3_800_3,2023-05-24,May,3,,,,,800,NH3,800,spike,,,,,,,,0.7585,0.7585,N,,,
BW_3m,BW,3,,Lake_spike_NH3_1200_1,2023-05-24,May,1,,,,,1200,NH3,1200,spike,,,,,,,,1.1173,1.1173,N,,,
BW_3m,BW,3,,Lake_spike_NH3_1200_2,2023-05-24,May,2,,,,,1200,NH3,1200,spike,,,,,,,,1.129,1.129,N,,,
BW_3m,BW,3,,Lake_spike_NH3_1200_3,2023-05-24,May,3,,,,,1200,NH3,1200,spike,,,,,,,,1.1525,1.1525,N,,,
BW_3m,BW,3,,Lake_spike_NO3_0_1,2023-05-24,May,1,,,,0,,NO3,0,spike,,,,,,,0.031,,0.031,N,,,
BW_3m,BW,3,,Lake_spike_NO3_0_2,2023-05-24,May,2,,,,0,,NO3,0,spike,,,,,,,0.03,,0.03,N,,,
BW_3m,BW,3,,Lake_spike_NO3_0_3,2023-05-24,May,3,,,,0,,NO3,0,spike,,,,,,,0.021,,0.021,N,,,
BW_3m,BW,3,,Lake_spike_NO3_100_1,2023-05-24,May,1,,,,100,,NO3,100,spike,,,,,,,0.119,,0.119,N,,,
BW_3m,BW,3,,Lake_spike_NO3_100_2,2023-05-24,May,2,,,,100,,NO3,100,spike,,,,,,,0.131,,0.131,N,,,
BW_3m,BW,3,,Lake_spike_NO3_100_3,2023-05-24,May,3,,,,100,,NO3,100,spike,,,,,,,0.118,,0.118,N,,,
BW_3m,BW,3,,Lake_spike_NO3_200_1,2023-05-24,May,1,,,,200,,NO3,200,spike,,,,,,,0.217,,0.217,N,,,
BW_3m,BW,3,,Lake_spike_NO3_200_2,2023-05-24,May,2,,,,200,,NO3,200,spike,,,,,,,0.237,,0.237,N,,,
BW_3m,BW,3,,Lake_spike_NO3_200_3,2023-05-24,May,3,,,,200,,NO3,200,spike,,,,,,,0.244,,0.244,N,,,
BW_3m,BW,3,,Lake_spike_NO3_500_1,2023-05-24,May,1,,,,500,,NO3,500,spike,,,,,,,0.558,,0.558,N,,,
BW_3m,BW,3,,Lake_spike_NO3_500_2,2023-05-24,May,2,,,,500,,NO3,500,spike,,,,,,,0.43,,0.43,N,,,
BW_3m,BW,3,,Lake_spike_NO3_500_3,2023-05-24,May,3,,,,500,,NO3,500,spike,,,,,,,0.535,,0.535,N,,,
BW_3m,BW,3,,Lake_spike_NO3_800_1,2023-05-24,May,1,,,,800,,NO3,800,spike,,,,,,,0.813,,0.813,N,,,
BW_3m,BW,3,,Lake_spike_NO3_800_2,2023-05-24,May,2,,,,800,,NO3,800,spike,,,,,,,0.86,,0.86,N,,,
BW_3m,BW,3,,Lake_spike_NO3_800_3,2023-05-24,May,3,,,,800,,NO3,800,spike,,,,,,,0.819,,0.819,N,,,
BW_3m,BW,3,,Lake_spike_NO3_1200_1,2023-05-24,May,1,,,,1200,,NO3,1200,spike,,,,,,,1.153,,1.153,N,,,
BW_3m,BW,3,,Lake_spike_NO3_1200_2,2023-05-24,May,2,,,,1200,,NO3,1200,spike,,,,,,,1.269,,1.269,N,,,
BW_3m,BW,3,,Lake_spike_NO3_1200_3,2023-05-24,May,3,,,,1200,,NO3,1200,spike,,,,,,,1.307,,1.307,N,,,
GB_3m,GB,3,,Lake_spike_NH3_0_1,2023-05-25,May,1,,,,,0,NH3,0,spike,,,,,,,,0.0126,0.0126,N,,,
GB_3m,GB,3,,Lake_spike_NH3_0_2,2023-05-25,May,2,,,,,0,NH3,0,spike,,,,,,,,0.0079,0.0079,N,,,
GB_3m,GB,3,,Lake_spike_NH3_0_3,2023-05-25,May,3,,,,,0,NH3,0,spike,,,,,,,,0.0143,0.0143,N,,,
GB_3m,GB,3,,Lake_spike_NH3_100_1,2023-05-25,May,1,,,,,100,NH3,100,spike,,,,,,,,0.1029,0.1029,N,,,
GB_3m,GB,3,,Lake_spike_NH3_100_2,2023-05-25,May,2,,,,,100,NH3,100,spike,,,,,,,,0.1161,0.1161,N,,,
GB_3m,GB,3,,Lake_spike_NH3_100_3,2023-05-25,May,3,,,,,100,NH3,100,spike,,,,,,,,0.0982,0.0982,N,,,
GB_3m,GB,3,,Lake_spike_NH3_200_1,2023-05-25,May,1,,,,,200,NH3,200,spike,,,,,,,,0.1941,0.1941,N,,,
GB_3m,GB,3,,Lake_spike_NH3_200_2,2023-05-25,May,2,,,,,200,NH3,200,spike,,,,,,,,0.1794,0.1794,N,,,
GB_3m,GB,3,,Lake_spike_NH3_200_3,2023-05-25,May,3,,,,,200,NH3,200,spike,,,,,,,,0.1925,0.1925,N,,,
GB_3m,GB,3,,Lake_spike_NH3_500_1,2023-05-25,May,1,,,,,500,NH3,500,spike,,,,,,,,0.46,0.46,N,,,
GB_3m,GB,3,,Lake_spike_NH3_500_2,2023-05-25,May,2,,,,,500,NH3,500,spike,,,,,,,,0.4785,0.4785,N,,,
GB_3m,GB,3,,Lake_spike_NH3_500_3,2023-05-25,May,3,,,,,500,NH3,500,spike,,,,,,,,0.4733,0.4733,N,,,
GB_3m,GB,3,,Lake_spike_NH3_800_1,2023-05-25,May,1,,,,,800,NH3,800,spike,,,,,,,,0.7646,0.7646,N,,,
GB_3m,GB,3,,Lake_spike_NH3_800_2,2023-05-25,May,2,,,,,800,NH3,800,spike,,,,,,,,0.7357,0.7357,N,,,
GB_3m,GB,3,,Lake_spike_NH3_800_3,2023-05-25,May,3,,,,,800,NH3,800,spike,,,,,,,,0.7497,0.7497,N,,,
GB_3m,GB,3,,Lake_spike_NH3_1200_1,2023-05-25,May,1,,,,,1200,NH3,1200,spike,,,,,,,,0.9162,0.9162,N,,,
GB_3m,GB,3,,Lake_spike_NH3_1200_2,2023-05-25,May,2,,,,,1200,NH3,1200,spike,,,,,,,,0.9084,0.9084,N,,,
GB_3m,GB,3,,Lake_spike_NH3_1200_3,2023-05-25,May,3,,,,,1200,NH3,1200,spike,,,,,,,,0.9499,0.9499,N,,,
GB_3m,GB,3,,Lake_spike_NO3_0_1,2023-05-25,May,1,,,,0,,NO3,0,spike,,,,,,,0.021,,0.021,N,,,
GB_3m,GB,3,,Lake_spike_NO3_0_2,2023-05-25,May,2,,,,0,,NO3,0,spike,,,,,,,0.028,,0.028,N,,,
GB_3m,GB,3,,Lake_spike_NO3_0_3,2023-05-25,May,3,,,,0,,NO3,0,spike,,,,,,,0.033,,0.033,N,,,
GB_3m,GB,3,,Lake_spike_NO3_100_1,2023-05-25,May,1,,,,100,,NO3,100,spike,,,,,,,0.129,,0.129,N,,,
GB_3m,GB,3,,Lake_spike_NO3_100_2,2023-05-25,May,2,,,,100,,NO3,100,spike,,,,,,,0.127,,0.127,N,,,
GB_3m,GB,3,,Lake_spike_NO3_100_3,2023-05-25,May,3,,,,100,,NO3,100,spike,,,,,,,0.066,,0.066,N,,,
GB_3m,GB,3,,Lake_spike_NO3_200_1,2023-05-25,May,1,,,,200,,NO3,200,spike,,,,,,,0.144,,0.144,N,,,
GB_3m,GB,3,,Lake_spike_NO3_200_2,2023-05-25,May,2,,,,200,,NO3,200,spike,,,,,,,0.131,,0.131,N,,,
GB_3m,GB,3,,Lake_spike_NO3_200_3,2023-05-25,May,3,,,,200,,NO3,200,spike,,,,,,,0.138,,0.138,N,,,
GB_3m,GB,3,,Lake_spike_NO3_500_1,2023-05-25,May,1,,,,500,,NO3,500,spike,,,,,,,0.525,,0.525,N,,,
GB_3m,GB,3,,Lake_spike_NO3_500_2,2023-05-25,May,2,,,,500,,NO3,500,spike,,,,,,,0.528,,0.528,N,,,
GB_3m,GB,3,,Lake_spike_NO3_500_3,2023-05-25,May,3,,,,500,,NO3,500,spike,,,,,,,0.508,,0.508,N,,,
GB_3m,GB,3,,Lake_spike_NO3_800_1,2023-05-25,May,1,,,,800,,NO3,800,spike,,,,,,,0.916,,0.916,N,,,
GB_3m,GB,3,,Lake_spike_NO3_800_2,2023-05-25,May,2,,,,800,,NO3,800,spike,,,,,,,0.509,,0.509,Y,,,
GB_3m,GB,3,,Lake_spike_NO3_800_3,2023-05-25,May,3,,,,800,,NO3,800,spike,,,,,,,0.796,,0.796,N,,,
GB_3m,GB,3,,Lake_spike_NO3_1200_1,2023-05-25,May,1,,,,1200,,NO3,1200,spike,,,,,,,0.809,,0.809,Y,,,
GB_3m,GB,3,,Lake_spike_NO3_1200_2,2023-05-25,May,2,,,,1200,,NO3,1200,spike,,,,,,,1.178,,1.178,N,,,
GB_3m,GB,3,,Lake_spike_NO3_1200_3,2023-05-25,May,3,,,,1200,,NO3,1200,spike,,,,,,,1.299,,1.299,N,,,