Site,Location,Depth,Vial_num,Sample_ID,Sample_Date,Inc_month,Composite_num,Weight_mg,Weight_g,Volume_lake_water_L,NO3_spike_µg_L,NH3_spike_µg_L,Analyte,Spike_µg_L,Type,Goal_incubation_hrs,Incubation_start_time,Incubation_end_time,Actual_incubation_hrs,bin,Notes,NO2_NO3_mgNL,NH3_mgNL,Conc_mgNL,Flag,OM_g,OM_%,Percent_water,Sample_dryweight_g,AFDM_g
BW0.5m,BW,0.5,1,Sed_NA_1,2023-06-26,June,1,2017,2.017,0.025,0,,NO3,0,sediment,6,8:21,14:17,5:56,1,,0.026,,0.026,N,0.331,0.014,0.243,1.526458308,0.02167886472
BW0.5m,BW,0.5,2,Sed_NA_2,2023-06-26,June,2,2039.8,2.0398,0.025,0,,NO3,0,sediment,6,8:21,14:17,5:56,1,,0.026,,0.026,N,0.331,0.014,0.243,1.543713266,0.0219239208
BW0.5m,BW,0.5,3,Sed_NA_3,2023-06-26,June,3,2044,2.044,0.025,0,,NO3,0,sediment,6,8:21,14:17,5:56,1,,0.021,,0.021,N,0.331,0.014,0.243,1.546891811,0.02196906271
BW0.5m,BW,0.5,4,Sed_NA_4,2023-06-26,June,1,2036.2,2.0362,0.025,100,,NO3,100,sediment,6,8:24,14:26,6:02,1,,0.12,,0.12,N,0.331,0.014,0.243,1.540988799,0.02188522774
BW0.5m,BW,0.5,5,Sed_NA_5,2023-06-26,June,2,2058.8,2.0588,0.025,100,,NO3,100,sediment,6,8:24,14:26,6:02,1,,0.101,,0.101,N,0.331,0.014,0.243,1.558092397,0.0221281342
BW0.5m,BW,0.5,6,Sed_NA_6,2023-06-26,June,3,2029.2,2.0292,0.025,100,,NO3,100,sediment,6,8:24,14:26,6:02,1,,0.119,,0.119,N,0.331,0.014,0.243,1.535691224,0.02180999122
BW0.5m,BW,0.5,7,Sed_NA_7,2023-06-26,June,1,2022.5,2.0225,0.025,200,,NO3,200,sediment,6,8:25,14:36,6:11,1,,0.223,,0.223,N,0.331,0.014,0.243,1.530620688,0.02173797913
BW0.5m,BW,0.5,8,Sed_NA_8,2023-06-26,June,2,2017,2.017,0.025,200,,NO3,200,sediment,6,8:25,14:36,6:11,1,,0.214,,0.214,N,0.331,0.014,0.243,1.526458308,0.02167886472
BW0.5m,BW,0.5,9,Sed_NA_9,2023-06-26,June,3,2016.3,2.0163,0.025,200,,NO3,200,sediment,6,8:25,14:36,6:11,1,,0.214,,0.214,N,0.331,0.014,0.243,1.525928551,0.02167134107
BW0.5m,BW,0.5,10,Sed_NA_10,2023-06-26,June,1,2057.5,2.0575,0.025,800,,NO3,800,sediment,6,8:28,14:37,6:09,1,,0.782,,0.782,N,0.331,0.014,0.243,1.557108562,0.02211416171
BW0.5m,BW,0.5,11,Sed_NA_11,2023-06-26,June,2,2060,2.06,0.025,800,,NO3,800,sediment,6,8:28,14:37,6:09,1,,0.81,,0.81,N,0.331,0.014,0.243,1.559000553,0.02214103189
BW0.5m,BW,0.5,12,Sed_NA_12,2023-06-26,June,3,2012.9,2.0129,0.025,800,,NO3,800,sediment,6,8:28,14:37,6:09,1,,0.774,,0.774,N,0.331,0.014,0.243,1.523355443,0.02163479762
BW0.5m,BW,0.5,13,Sed_NA_13,2023-06-26,June,1,2039.7,2.0397,0.025,1200,,NO3,1200,sediment,6,8:29,14:40,6:11,2,,1.14,,1.14,N,0.331,0.014,0.243,1.543637586,0.021922846
BW0.5m,BW,0.5,14,Sed_NA_14,2023-06-26,June,2,2028.3,2.0283,0.025,1200,,NO3,1200,sediment,6,8:29,14:40,6:11,2,,1.157,,1.157,N,0.331,0.014,0.243,1.535010107,0.02180031796
BW0.5m,BW,0.5,15,Sed_NA_15,2023-06-26,June,3,2027.5,2.0275,0.025,1200,,NO3,1200,sediment,6,8:29,14:40,6:11,2,,1.15,,1.15,N,0.331,0.014,0.243,1.53440467,0.0217917195
BW0.5m,BW,0.5,16,Sed_NA_16,2023-06-26,June,1,2041,2.041,0.025,1600,,NO3,1600,sediment,6,8:31,14:42,6:11,2,,1.56,,1.56,N,0.331,0.014,0.243,1.544621421,0.02193681849
BW0.5m,BW,0.5,17,Sed_NA_17,2023-06-26,June,2,2036.4,2.0364,0.025,1600,,NO3,1600,sediment,6,8:31,14:42,6:11,2,,1.573,,1.573,N,0.331,0.014,0.243,1.541140158,0.02188737735
BW0.5m,BW,0.5,18,Sed_NA_18,2023-06-26,June,3,2046.7,2.0467,0.025,1600,,NO3,1600,sediment,6,8:31,14:42,6:11,2,,1.523,,1.523,N,0.331,0.014,0.243,1.548935161,0.02199808251
BW_3m,BW,3,19,Sed_NA_19,2023-06-26,June,1,2063,2.063,0.025,0,,NO3,0,sediment,6,8:21,14:21,6:00,1,,0.024,,0.024,N,0.365,0.019,0.279,1.487423,0.02800342493
BW_3m,BW,3,20,Sed_NA_20,2023-06-26,June,2,2014.1,2.0141,0.025,0,,NO3,0,sediment,6,8:21,14:21,6:00,1,,0.016,,0.016,N,0.365,0.019,0.279,1.4521661,0.0273396501
BW_3m,BW,3,21,Sed_NA_21,2023-06-26,June,3,2072.1,2.0721,0.025,0,,NO3,0,sediment,6,8:21,14:21,6:00,1,,0.022,,0.022,N,0.365,0.019,0.279,1.4939841,0.02812694949
BW_3m,BW,3,22,Sed_NA_22,2023-06-26,June,1,2055.3,2.0553,0.025,100,,NO3,100,sediment,6,8:24,14:30,6:06,1,,0.117,,0.117,N,0.365,0.019,0.279,1.4818713,0.02789890415
BW_3m,BW,3,23,Sed_NA_23,2023-06-26,June,2,2058.8,2.0588,0.025,100,,NO3,100,sediment,6,8:24,14:30,6:06,1,,0.105,,0.105,N,0.365,0.019,0.279,1.4843948,0.02794641359
BW_3m,BW,3,24,Sed_NA_24,2023-06-26,June,3,2062.1,2.0621,0.025,100,,NO3,100,sediment,6,8:24,14:30,6:06,1,,0.103,,0.103,N,0.365,0.019,0.279,1.4867741,0.02799120822
BW_3m,BW,3,25,Sed_NA_25,2023-06-26,June,1,2076.2,2.0762,0.025,200,,NO3,200,sediment,6,8:26,14:32,6:06,1,,0.205,,0.205,N,0.365,0.019,0.279,1.4969402,0.02818260341
BW_3m,BW,3,26,Sed_NA_26,2023-06-26,June,2,2063.2,2.0632,0.025,200,,NO3,200,sediment,6,8:26,14:32,6:06,1,,0.195,,0.195,N,0.365,0.019,0.279,1.4875672,0.02800613976
BW_3m,BW,3,27,Sed_NA_27,2023-06-26,June,3,1999.8,1.9998,0.025,200,,NO3,200,sediment,6,8:26,14:32,6:06,1,,0.204,,0.204,N,0.365,0.019,0.279,1.4418558,0.02714554008
BW_3m,BW,3,28,Sed_NA_28,2023-06-26,June,1,2046.5,2.0465,0.025,800,,NO3,800,sediment,6,8:28,14:38,6:10,1,,0.789,,0.789,N,0.365,0.019,0.279,1.4755265,0.02777945183
BW_3m,BW,3,29,Sed_NA_29,2023-06-26,June,2,2022.7,2.0227,0.025,800,,NO3,800,sediment,6,8:28,14:38,6:10,1,,0.794,,0.794,N,0.365,0.019,0.279,1.4583667,0.02745638759
BW_3m,BW,3,30,Sed_NA_30,2023-06-26,June,3,2072.9,2.0729,0.025,800,,NO3,800,sediment,6,8:28,14:38,6:10,1,,0.747,,0.747,N,0.365,0.019,0.279,1.4945609,0.02813780879
BW_3m,BW,3,31,Sed_NA_31,2023-06-26,June,1,2025.6,2.0256,0.025,1200,,NO3,1200,sediment,6,8:30,14:40,6:10,2,,1.22,,1.22,N,0.365,0.019,0.279,1.4604576,0.02749575256
BW_3m,BW,3,32,Sed_NA_32,2023-06-26,June,2,2052.3,2.0523,0.025,1200,,NO3,1200,sediment,6,8:30,14:40,6:10,2,,1.21,,1.21,N,0.365,0.019,0.279,1.4797083,0.02785818177
BW_3m,BW,3,33,Sed_NA_33,2023-06-26,June,3,2056,2.056,0.025,1200,,NO3,1200,sediment,6,8:30,14:40,6:10,2,,1.205,,1.205,N,0.365,0.019,0.279,1.482376,0.02790840604
BW_3m,BW,3,34,Sed_NA_34,2023-06-26,June,1,2016.6,2.0166,0.025,1600,,NO3,1600,sediment,6,8:32,14:47,6:15,2,,1.584,,1.584,N,0.365,0.019,0.279,1.4539686,0.02737358542
BW_3m,BW,3,35,Sed_NA_35,2023-06-26,June,2,2054.8,2.0548,0.025,1600,,NO3,1600,sediment,6,8:32,14:47,6:15,2,,1.568,,1.568,N,0.365,0.019,0.279,1.4815108,0.02789211709
BW_3m,BW,3,36,Sed_NA_36,2023-06-26,June,3,2021.6,2.0216,0.025,1600,,NO3,1600,sediment,6,8:32,14:47,6:15,2,,1.552,,1.552,N,0.365,0.019,0.279,1.4575736,0.02744145605
SS_3m,SS,3,37,Sed_NA_37,2023-06-26,June,1,2070.1,2.0701,0.025,0,,NO3,0,sediment,6,8:21,14:18,5:57,1,,0.019,,0.019,N,0.252,0.014,0.276,1.4987524,0.0214430673
SS_3m,SS,3,38,Sed_NA_38,2023-06-26,June,2,2038.9,2.0389,0.025,0,,NO3,0,sediment,6,8:21,14:18,5:57,1,,0.018,,0.018,N,0.252,0.014,0.276,1.4761636,0.02111988306
SS_3m,SS,3,39,Sed_NA_39,2023-06-26,June,3,2031,2.031,0.025,0,,NO3,0,sediment,6,8:21,14:18,5:57,1,,0.018,,0.018,N,0.252,0.014,0.276,1.470444,0.02103805115
SS_3m,SS,3,40,Sed_NA_40,2023-06-26,June,1,2007.5,2.0075,0.025,100,,NO3,100,sediment,6,8:24,14:22,5:58,1,,0.06,,0.06,N,0.252,0.014,0.276,1.45343,0.02079462712
SS_3m,SS,3,41,Sed_NA_41,2023-06-26,June,2,2033.5,2.0335,0.025,100,,NO3,100,sediment,6,8:24,14:22,5:58,1,,0.055,,0.055,N,0.252,0.014,0.276,1.472254,0.02106394732
SS_3m,SS,3,42,Sed_NA_42,2023-06-26,June,3,2068.6,2.0686,0.025,100,,NO3,100,sediment,6,8:24,14:22,5:58,1,,0.049,,0.049,N,0.252,0.014,0.276,1.4976664,0.0214275296
SS_3m,SS,3,43,Sed_NA_43,2023-06-26,June,1,2037,2.037,0.025,200,,NO3,200,sediment,6,8:26,14:28,6:02,1,,0.115,,0.115,N,0.252,0.014,0.276,1.474788,0.02110020197
SS_3m,SS,3,44,Sed_NA_44,2023-06-26,June,2,2044.6,2.0446,0.025,200,,NO3,200,sediment,6,8:26,14:28,6:02,1,,0.127,,0.127,N,0.252,0.014,0.276,1.4802904,0.02117892633
SS_3m,SS,3,45,Sed_NA_45,2023-06-26,June,3,2020,2.02,0.025,200,,NO3,200,sediment,6,8:26,14:28,6:02,1,,0.136,,0.136,N,0.252,0.014,0.276,1.46248,0.02092410799
SS_3m,SS,3,46,Sed_NA_46,2023-06-26,June,1,2055.7,2.0557,0.025,800,,NO3,800,sediment,6,8:29,14:33,6:04,1,,0.672,,0.672,N,0.252,0.014,0.276,1.4883268,0.02129390534
SS_3m,SS,3,47,Sed_NA_47,2023-06-26,June,2,2018.1,2.0181,0.025,800,,NO3,800,sediment,6,8:29,14:33,6:04,1,,0.684,,0.684,N,0.252,0.014,0.276,1.4611044,0.0209044269
SS_3m,SS,3,48,Sed_NA_48,2023-06-26,June,3,2010.7,2.0107,0.025,800,,NO3,800,sediment,6,8:29,14:33,6:04,1,,0.688,,0.688,N,0.252,0.014,0.276,1.4557468,0.02082777422
SS_3m,SS,3,49,Sed_NA_49,2023-06-26,June,1,2041.8,2.0418,0.025,1200,,NO3,1200,sediment,6,8:30,14:40,6:10,2,,1.065,,1.065,N,0.252,0.014,0.276,1.4782632,0.02114992262
SS_3m,SS,3,50,Sed_NA_50,2023-06-26,June,2,2056.6,2.0566,0.025,1200,,NO3,1200,sediment,6,8:30,14:40,6:10,2,,0.807,,0.807,N,0.252,0.014,0.276,1.4889784,0.02130322796
SS_3m,SS,3,51,Sed_NA_51,2023-06-26,June,3,2059.1,2.0591,0.025,1200,,NO3,1200,sediment,6,8:30,14:40,6:10,2,,1.037,,1.037,N,0.252,0.014,0.276,1.4907884,0.02132912414
SS_3m,SS,3,52,Sed_NA_52,2023-06-26,June,1,2060,2.06,0.025,1600,,NO3,1600,sediment,6,8:33,14:51,6:18,2,,1.448,,1.448,N,0.252,0.014,0.276,1.49144,0.02133844676
SS_3m,SS,3,53,Sed_NA_53,2023-06-26,June,2,2010.1,2.0101,0.025,1600,,NO3,1600,sediment,6,8:33,14:51,6:18,2,,1.431,,1.431,N,0.252,0.014,0.276,1.4553124,0.02082155914
SS_3m,SS,3,54,Sed_NA_54,2023-06-26,June,3,2051,2.051,0.025,1600,,NO3,1600,sediment,6,8:33,14:51,6:18,2,,1.476,,1.476,N,0.252,0.014,0.276,1.484924,0.02124522054
BW_10m,BW,10,55,Sed_NA_55,2023-06-26,June,1,2015.3,2.0153,0.025,0,,NO3,0,sediment,6,8:20,14:20,6:00,1,,0.017,,0.017,N,0.604,0.039,0.343,1.3240521,0.05144962195
BW_10m,BW,10,56,Sed_NA_56,2023-06-26,June,2,2009.8,2.0098,0.025,0,,NO3,0,sediment,6,8:20,14:20,6:00,1,,0.016,,0.016,N,0.604,0.039,0.343,1.3204386,0.05130920964
BW_10m,BW,10,57,Sed_NA_57,2023-06-26,June,3,2065.7,2.0657,0.025,0,,NO3,0,sediment,6,8:20,14:20,6:00,1,,0.008,,0.008,N,0.604,0.039,0.343,1.3571649,0.05273630926
BW_10m,BW,10,58,Sed_NA_58,2023-06-26,June,1,1996.1,1.9961,0.025,100,,NO3,100,sediment,6,8:25,14:30,6:05,1,,-0.014,,-0.014,N,0.604,0.039,0.343,1.3114377,0.05095945535
BW_10m,BW,10,59,Sed_NA_59,2023-06-26,June,2,2001.5,2.0015,0.025,100,,NO3,100,sediment,6,8:25,14:30,6:05,1,,0.07,,0.07,N,0.604,0.039,0.343,1.3149855,0.05109731471
BW_10m,BW,10,60,Sed_NA_60,2023-06-26,June,3,2035.7,2.0357,0.025,100,,NO3,100,sediment,6,8:25,14:30,6:05,1,,0.066,,0.066,N,0.604,0.039,0.343,1.3374549,0.05197042396
BW_10m,BW,10,61,Sed_NA_61,2023-06-26,June,1,2061.8,2.0618,0.025,200,,NO3,200,sediment,6,8:27,14:37,6:10,1,,0.138,,0.138,N,0.604,0.039,0.343,1.3546026,0.05263674417
BW_10m,BW,10,62,Sed_NA_62,2023-06-26,June,2,2027.5,2.0275,0.025,200,,NO3,200,sediment,6,8:27,14:37,6:10,1,,0.156,,0.156,N,0.604,0.039,0.343,1.3320675,0.05176108197
BW_10m,BW,10,63,Sed_NA_63,2023-06-26,June,3,2054.8,2.0548,0.025,200,,NO3,200,sediment,6,8:27,14:37,6:10,1,,0.182,,0.182,N,0.604,0.039,0.343,1.3500036,0.0524580376
BW_10m,BW,10,64,Sed_NA_64,2023-06-26,June,1,2014.3,2.0143,0.025,800,,NO3,800,sediment,6,8:29,14:37,6:08,1,,0.773,,0.773,N,0.604,0.039,0.343,1.3233951,0.05142409244
BW_10m,BW,10,65,Sed_NA_65,2023-06-26,June,2,2004.1,2.0041,0.025,800,,NO3,800,sediment,6,8:29,14:37,6:08,1,,0.75,,0.75,N,0.604,0.039,0.343,1.3166937,0.05116369143
BW_10m,BW,10,66,Sed_NA_66,2023-06-26,June,3,2064.6,2.0646,0.025,800,,NO3,800,sediment,6,8:29,14:37,6:08,1,,0.752,,0.752,N,0.604,0.039,0.343,1.3564422,0.0527082268
BW_10m,BW,10,67,Sed_NA_67,2023-06-26,June,1,2041.4,2.0414,0.025,1200,,NO3,1200,sediment,6,8:30,14:44,6:14,2,,1.077,,1.077,N,0.604,0.039,0.343,1.3411998,0.05211594216
BW_10m,BW,10,68,Sed_NA_68,2023-06-26,June,2,2049.3,2.0493,0.025,1200,,NO3,1200,sediment,6,8:30,14:44,6:14,2,,1.108,,1.108,N,0.604,0.039,0.343,1.3463901,0.0523176253
BW_10m,BW,10,69,Sed_NA_69,2023-06-26,June,3,2032.2,2.0322,0.025,1200,,NO3,1200,sediment,6,8:30,14:44,6:14,2,,1.08,,1.08,N,0.604,0.039,0.343,1.3351554,0.05188107067
BW_10m,BW,10,70,Sed_NA_70,2023-06-26,June,1,2075.1,2.0751,0.025,1600,,NO3,1600,sediment,6,8:33,14:49,6:16,2,,1.416,,1.416,N,0.604,0.039,0.343,1.3633407,0.05297628666
BW_10m,BW,10,71,Sed_NA_71,2023-06-26,June,2,2065.9,2.0659,0.025,1600,,NO3,1600,sediment,6,8:33,14:49,6:16,2,,1.44,,1.44,N,0.604,0.039,0.343,1.3572963,0.05274141516
BW_10m,BW,10,72,Sed_NA_72,2023-06-26,June,3,2022.7,2.0227,0.025,1600,,NO3,1600,sediment,6,8:33,14:49,6:16,2,,1.462,,1.462,N,0.604,0.039,0.343,1.3289139,0.05163854032
GB0.5m,GB,0.5,73,Sed_NA_73,2023-06-27,June,1,2,2,0.025,0,,NO3,0,sediment,6,8:34,14:49,6:15,2,maybe small bugs,0.023,,0.023,N,0.194,0.006,0.238,1.523038028,0.008807788322
GB0.5m,GB,0.5,74,Sed_NA_74,2023-06-27,June,2,2.06,2.06,0.025,0,,NO3,0,sediment,6,8:34,14:49,6:15,2,,0.011,,0.011,N,0.194,0.006,0.238,1.568729168,0.009072021972
GB0.5m,GB,0.5,75,Sed_NA_75,2023-06-27,June,3,2.02,2.02,0.025,0,,NO3,0,sediment,6,8:34,14:49,6:15,2,,0.032,,0.032,N,0.194,0.006,0.238,1.538268408,0.008895866205
GB0.5m,GB,0.5,76,Sed_NA_76,2023-06-27,June,1,2.04,2.04,0.025,100,,NO3,100,sediment,6,8:37,14:55,6:18,2,,0.112,,0.112,N,0.194,0.006,0.238,1.553498788,0.008983944089
GB0.5m,GB,0.5,77,Sed_NA_77,2023-06-27,June,2,1.99,1.99,0.025,100,,NO3,100,sediment,6,8:37,14:55,6:18,2,,0.09,,0.09,N,0.194,0.006,0.238,1.515422837,0.00876374938
GB0.5m,GB,0.5,78,Sed_NA_78,2023-06-27,June,3,2.02,2.02,0.025,100,,NO3,100,sediment,6,8:37,14:55,6:18,2,,0.126,,0.126,N,0.194,0.006,0.238,1.538268408,0.008895866205
GB0.5m,GB,0.5,79,Sed_NA_79,2023-06-27,June,1,2.08,2.08,0.025,200,,NO3,200,sediment,6,8:39,15:03,6:24,2,,0.216,,0.216,N,0.194,0.006,0.238,1.583959549,0.009160099855
GB0.5m,GB,0.5,80,Sed_NA_80,2023-06-27,June,2,2.04,2.04,0.025,200,,NO3,200,sediment,6,8:39,15:03,6:24,2,,0.213,,0.213,N,0.194,0.006,0.238,1.553498788,0.008983944089
GB0.5m,GB,0.5,81,Sed_NA_81,2023-06-27,June,3,2,2,0.025,200,,NO3,200,sediment,6,8:39,15:03,6:24,3,,0.212,,0.212,N,0.194,0.006,0.238,1.523038028,0.008807788322
GB0.5m,GB,0.5,82,Sed_NA_82,2023-06-27,June,1,2.02,2.02,0.025,800,,NO3,800,sediment,6,8:40,15:12,6:32,3,,0.941,,0.941,N,0.194,0.006,0.238,1.538268408,0.008895866205
GB0.5m,GB,0.5,83,Sed_NA_83,2023-06-27,June,2,2.06,2.06,0.025,800,,NO3,800,sediment,6,8:40,15:12,6:32,3,,0.808,,0.808,N,0.194,0.006,0.238,1.568729168,0.009072021972
GB0.5m,GB,0.5,84,Sed_NA_84,2023-06-27,June,3,2.05,2.05,0.025,800,,NO3,800,sediment,6,8:40,15:12,6:32,3,,0.8,,0.8,N,0.194,0.006,0.238,1.561113978,0.00902798303
GB0.5m,GB,0.5,85,Sed_NA_85,2023-06-27,June,1,1.98,1.98,0.025,1200,,NO3,1200,sediment,6,8:42,15:10,6:28,3,,1.204,,1.204,N,0.194,0.006,0.238,1.507807647,0.008719710439
GB0.5m,GB,0.5,86,Sed_NA_86,2023-06-27,June,2,1.97,1.97,0.025,1200,,NO3,1200,sediment,6,8:42,15:10,6:28,3,,1.201,,1.201,N,0.194,0.006,0.238,1.500192457,0.008675671497
GB0.5m,GB,0.5,87,Sed_NA_87,2023-06-27,June,3,1.96,1.96,0.025,1200,,NO3,1200,sediment,6,8:42,15:10,6:28,3,,1.039,,1.039,N,0.194,0.006,0.238,1.492577267,0.008631632556
GB0.5m,GB,0.5,88,Sed_NA_88,2023-06-27,June,1,2.04,2.04,0.025,1600,,NO3,1600,sediment,6,8:44,15:14,6:30,3,,1.639,,1.639,N,0.194,0.006,0.238,1.553498788,0.008983944089
GB0.5m,GB,0.5,89,Sed_NA_89,2023-06-27,June,2,2.06,2.06,0.025,1600,,NO3,1600,sediment,6,8:44,15:14,6:30,3,,1.626,,1.626,N,0.194,0.006,0.238,1.568729168,0.009072021972
GB0.5m,GB,0.5,90,Sed_NA_90,2023-06-27,June,3,1.94,1.94,0.025,1600,,NO3,1600,sediment,6,8:44,15:14,6:30,3,,1.494,,1.494,N,0.194,0.006,0.238,1.477346887,0.008543554672
GB_3m,GB,3,91,Sed_NA_91,2023-06-27,June,1,2.01,2.01,0.025,0,,NO3,0,sediment,6,8:34,14:53,6:19,2,,0.02,,0.02,N,0.104,0.005,0.272,1.463422447,0.007305421561
GB_3m,GB,3,92,Sed_NA_92,2023-06-27,June,2,2.05,2.05,0.025,0,,NO3,0,sediment,6,8:34,14:53,6:19,2,,0.015,,0.015,N,0.104,0.005,0.272,1.492545282,0.007450803084
GB_3m,GB,3,93,Sed_NA_93,2023-06-27,June,3,2.05,2.05,0.025,0,,NO3,0,sediment,6,8:34,14:53,6:19,2,,0.268,,0.268,Y,0.104,0.005,0.272,1.492545282,0.007450803084
GB_3m,GB,3,94,Sed_NA_94,2023-06-27,June,1,2.04,2.04,0.025,100,,NO3,100,sediment,6,8:38,15:00,6:22,2,,0.076,,0.076,N,0.104,0.005,0.272,1.485264573,0.007414457703
GB_3m,GB,3,95,Sed_NA_95,2023-06-27,June,2,2.06,2.06,0.025,100,,NO3,100,sediment,6,8:38,15:00,6:22,2,,0.082,,0.082,N,0.104,0.005,0.272,1.499825991,0.007487148465
GB_3m,GB,3,96,Sed_NA_96,2023-06-27,June,3,2.02,2.02,0.025,100,,NO3,100,sediment,6,8:38,15:00,6:22,2,,0.077,,0.077,N,0.104,0.005,0.272,1.470703156,0.007341766941
GB_3m,GB,3,97,Sed_NA_97,2023-06-27,June,1,2.04,2.04,0.025,200,,NO3,200,sediment,6,8:39,15:05,6:26,3,,0.175,,0.175,N,0.104,0.005,0.272,1.485264573,0.007414457703
GB_3m,GB,3,98,Sed_NA_98,2023-06-27,June,2,2.01,2.01,0.025,200,,NO3,200,sediment,6,8:39,15:05,6:26,3,,0.167,,0.167,N,0.104,0.005,0.272,1.463422447,0.007305421561
GB_3m,GB,3,99,Sed_NA_99,2023-06-27,June,3,1.97,1.97,0.025,200,,NO3,200,sediment,6,8:39,15:05,6:26,3,,0.173,,0.173,N,0.104,0.005,0.272,1.434299612,0.007160040037
GB_3m,GB,3,100,Sed_NA_100,2023-06-27,June,1,2.03,2.03,0.025,800,,NO3,800,sediment,6,8:41,15:14,6:33,3,,0.716,,0.716,N,0.104,0.005,0.272,1.477983865,0.007378112322
GB_3m,GB,3,101,Sed_NA_101,2023-06-27,June,2,1.97,1.97,0.025,800,,NO3,800,sediment,6,8:41,15:14,6:33,3,,0.734,,0.734,N,0.104,0.005,0.272,1.434299612,0.007160040037
GB_3m,GB,3,102,Sed_NA_102,2023-06-27,June,3,2.03,2.03,0.025,800,,NO3,800,sediment,6,8:41,15:14,6:33,3,,0.708,,0.708,N,0.104,0.005,0.272,1.477983865,0.007378112322
GB_3m,GB,3,103,Sed_NA_103,2023-06-27,June,1,1.97,1.97,0.025,1200,,NO3,1200,sediment,6,8:43,15:16,6:33,3,,1.208,,1.208,N,0.104,0.005,0.272,1.434299612,0.007160040037
GB_3m,GB,3,104,Sed_NA_104,2023-06-27,June,2,2.05,2.05,0.025,1200,,NO3,1200,sediment,6,8:43,15:16,6:33,3,,1.106,,1.106,N,0.104,0.005,0.272,1.492545282,0.007450803084
GB_3m,GB,3,105,Sed_NA_105,2023-06-27,June,3,1.99,1.99,0.025,1200,,NO3,1200,sediment,6,8:43,15:16,6:33,3,,1.159,,1.159,N,0.104,0.005,0.272,1.44886103,0.007232730799
GB_3m,GB,3,106,Sed_NA_106,2023-06-27,June,1,2,2,0.025,1600,,NO3,1600,sediment,6,8:44,15:14,6:30,3,,1.468,,1.468,N,0.104,0.005,0.272,1.456141738,0.00726907618
GB_3m,GB,3,107,Sed_NA_107,2023-06-27,June,2,2.05,2.05,0.025,1600,,NO3,1600,sediment,6,8:44,15:14,6:30,3,,1.487,,1.487,N,0.104,0.005,0.272,1.492545282,0.007450803084
GB_3m,GB,3,108,Sed_NA_108,2023-06-27,June,3,1.99,1.99,0.025,1600,,NO3,1600,sediment,6,8:44,15:14,6:30,3,,1.54,,1.54,N,0.104,0.005,0.272,1.44886103,0.007232730799
SH_3m,SH,3,109,Sed_NA_109,2023-06-27,June,1,1.95,1.95,0.025,0,,NO3,0,sediment,6,8:34,14:52,6:18,2,,0.009,,0.009,N,0.134,0.004,0.264,1.4352,0.0063304612
SH_3m,SH,3,110,Sed_NA_110,2023-06-27,June,2,1.98,1.98,0.025,0,,NO3,0,sediment,6,8:34,14:52,6:18,2,,0.01,,0.01,N,0.134,0.004,0.264,1.45728,0.006427852911
SH_3m,SH,3,111,Sed_NA_111,2023-06-27,June,3,2.11,2.11,0.025,0,,NO3,0,sediment,6,8:34,14:52,6:18,2,,0.008,,0.008,N,0.134,0.004,0.264,1.55296,0.006849883657
SH_3m,SH,3,112,Sed_NA_112,2023-06-27,June,1,2.12,2.12,0.025,100,,NO3,100,sediment,6,8:38,15:03,6:25,2,,0.086,,0.086,N,0.134,0.004,0.264,1.56032,0.006882347561
SH_3m,SH,3,113,Sed_NA_113,2023-06-27,June,2,2.04,2.04,0.025,100,,NO3,100,sediment,6,8:38,15:03,6:25,2,,0.085,,0.085,N,0.134,0.004,0.264,1.50144,0.006622636332
SH_3m,SH,3,114,Sed_NA_114,2023-06-27,June,3,2.2,2.2,0.025,100,,NO3,100,sediment,6,8:38,15:03,6:25,2,,0.08,,0.08,N,0.134,0.004,0.264,1.6192,0.00714205879
SH_3m,SH,3,115,Sed_NA_115,2023-06-27,June,1,1.99,1.99,0.025,200,,NO3,200,sediment,6,8:39,15:08,6:29,3,,0.186,,0.186,N,0.134,0.004,0.264,1.46464,0.006460316814
SH_3m,SH,3,116,Sed_NA_116,2023-06-27,June,2,1.98,1.98,0.025,200,,NO3,200,sediment,6,8:39,15:08,6:29,3,,0.178,,0.178,N,0.134,0.004,0.264,1.45728,0.006427852911
SH_3m,SH,3,117,Sed_NA_117,2023-06-27,June,3,2.01,2.01,0.025,200,,NO3,200,sediment,6,8:39,15:08,6:29,3,,0.178,,0.178,N,0.134,0.004,0.264,1.47936,0.006525244622
SH_3m,SH,3,118,Sed_NA_118,2023-06-27,June,1,2.01,2.01,0.025,800,,NO3,800,sediment,6,8:41,15:11,6:30,3,,0.763,,0.763,N,0.134,0.004,0.264,1.47936,0.006525244622
SH_3m,SH,3,119,Sed_NA_119,2023-06-27,June,2,1.95,1.95,0.025,800,,NO3,800,sediment,6,8:41,15:11,6:30,3,,0.772,,0.772,N,0.134,0.004,0.264,1.4352,0.0063304612
SH_3m,SH,3,120,Sed_NA_120,2023-06-27,June,3,1.95,1.95,0.025,800,,NO3,800,sediment,6,8:41,15:11,6:30,3,,0.706,,0.706,N,0.134,0.004,0.264,1.4352,0.0063304612
SH_3m,SH,3,121,Sed_NA_121,2023-06-27,June,1,1.95,1.95,0.025,1200,,NO3,1200,sediment,6,8:43,15:18,6:35,3,,1.067,,1.067,N,0.134,0.004,0.264,1.4352,0.0063304612
SH_3m,SH,3,122,Sed_NA_122,2023-06-27,June,2,2.12,2.12,0.025,1200,,NO3,1200,sediment,6,8:43,15:18,6:35,3,,1.008,,1.008,N,0.134,0.004,0.264,1.56032,0.006882347561
SH_3m,SH,3,123,Sed_NA_123,2023-06-27,June,3,2,2,0.025,1200,,NO3,1200,sediment,6,8:43,15:18,6:35,3,,1.106,,1.106,N,0.134,0.004,0.264,1.472,0.006492780718
SH_3m,SH,3,124,Sed_NA_124,2023-06-27,June,1,2.14,2.14,0.025,1600,,NO3,1600,sediment,6,8:45,15:20,6:35,3,,1.521,,1.521,N,0.134,0.004,0.264,1.57504,0.006947275368
SH_3m,SH,3,125,Sed_NA_125,2023-06-27,June,2,1.91,1.91,0.025,1600,,NO3,1600,sediment,6,8:45,15:20,6:35,3,,1.553,,1.553,N,0.134,0.004,0.264,1.40576,0.006200605586
SH_3m,SH,3,126,Sed_NA_126,2023-06-27,June,3,1.98,1.98,0.025,1600,,NO3,1600,sediment,6,8:45,15:20,6:35,3,,1.51,,1.51,N,0.134,0.004,0.264,1.45728,0.006427852911
GB_10m,GB,10,127,Sed_NA_127,2023-06-27,June,1,1.99,1.99,0.025,0,,NO3,0,sediment,6,8:35,14:50,6:15,2,,0.011,,0.011,N,0.207,0.009,0.309,1.376014078,0.0117541583
GB_10m,GB,10,128,Sed_NA_128,2023-06-27,June,2,1.96,1.96,0.025,0,,NO3,0,sediment,6,8:35,14:50,6:15,2,,0.008,,0.008,N,0.207,0.009,0.309,1.355270147,0.01157695993
GB_10m,GB,10,129,Sed_NA_129,2023-06-27,June,3,1.98,1.98,0.025,0,,NO3,0,sediment,6,8:35,14:50,6:15,2,,0.008,,0.008,N,0.207,0.009,0.309,1.369099434,0.01169509218
GB_10m,GB,10,130,Sed_NA_130,2023-06-27,June,1,1.99,1.99,0.025,100,,NO3,100,sediment,6,8:38,15:01,6:23,2,,0.067,,0.067,N,0.207,0.009,0.309,1.376014078,0.0117541583
GB_10m,GB,10,131,Sed_NA_131,2023-06-27,June,2,2.01,2.01,0.025,100,,NO3,100,sediment,6,8:38,15:01,6:23,2,,0.068,,0.068,N,0.207,0.009,0.309,1.389843365,0.01187229054
GB_10m,GB,10,132,Sed_NA_132,2023-06-27,June,3,2.08,2.08,0.025,100,,NO3,100,sediment,6,8:38,15:01,6:23,2,,0.061,,0.061,N,0.207,0.009,0.309,1.43824587,0.0122857534
GB_10m,GB,10,133,Sed_NA_133,2023-06-27,June,1,1.96,1.96,0.025,200,,NO3,200,sediment,6,8:40,15:06,6:26,3,,0.162,,0.162,N,0.207,0.009,0.309,1.355270147,0.01157695993
GB_10m,GB,10,134,Sed_NA_134,2023-06-27,June,2,2.07,2.07,0.025,200,,NO3,200,sediment,6,8:40,15:06,6:26,3,,0.153,,0.153,N,0.207,0.009,0.309,1.431331227,0.01222668728
GB_10m,GB,10,135,Sed_NA_135,2023-06-27,June,3,1.97,1.97,0.025,200,,NO3,200,sediment,6,8:40,15:06,6:26,3,,0.16,,0.16,N,0.207,0.009,0.309,1.362184791,0.01163602606
GB_10m,GB,10,136,Sed_NA_136,2023-06-27,June,1,2.08,2.08,0.025,800,,NO3,800,sediment,6,8:42,15:09,6:27,3,,0.735,,0.735,N,0.207,0.009,0.309,1.43824587,0.0122857534
GB_10m,GB,10,137,Sed_NA_137,2023-06-27,June,2,1.91,1.91,0.025,800,,NO3,800,sediment,6,8:42,15:09,6:27,3,,0.706,,0.706,N,0.207,0.009,0.309,1.320696929,0.01128162932
GB_10m,GB,10,138,Sed_NA_138,2023-06-27,June,3,2.08,2.08,0.025,800,,NO3,800,sediment,6,8:42,15:09,6:27,3,,0.699,,0.699,N,0.207,0.009,0.309,1.43824587,0.0122857534
GB_10m,GB,10,139,Sed_NA_139,2023-06-27,June,1,1.95,1.95,0.025,1200,,NO3,1200,sediment,6,8:43,15:20,6:37,3,,1.059,,1.059,N,0.207,0.009,0.309,1.348355503,0.01151789381
GB_10m,GB,10,140,Sed_NA_140,2023-06-27,June,2,2.15,2.15,0.025,1200,,NO3,1200,sediment,6,8:43,15:20,6:37,3,,1.061,,1.061,N,0.207,0.009,0.309,1.486648375,0.01269921625
GB_10m,GB,10,141,Sed_NA_141,2023-06-27,June,3,1.96,1.96,0.025,1200,,NO3,1200,sediment,6,8:43,15:20,6:37,3,,1.09,,1.09,N,0.207,0.009,0.309,1.355270147,0.01157695993
GB_10m,GB,10,142,Sed_NA_142,2023-06-27,June,1,2.07,2.07,0.025,1600,,NO3,1600,sediment,6,8:45,15:22,6:37,3,,1.348,,1.348,N,0.207,0.009,0.309,1.431331227,0.01222668728
GB_10m,GB,10,143,Sed_NA_143,2023-06-27,June,2,1.94,1.94,0.025,1600,,NO3,1600,sediment,6,8:45,15:22,6:37,3,,0.847,,0.847,Y,0.207,0.009,0.309,1.34144086,0.01145882769
GB_10m,GB,10,144,Sed_NA_144,2023-06-27,June,3,1.93,1.93,0.025,1600,,NO3,1600,sediment,6,8:45,15:22,6:37,3,,1.388,,1.388,N,0.207,0.009,0.309,1.334526216,0.01139976157
BW0.5m,BW,0.5,145,Biofilm_NA_1,2023-06-26,June,1,1.96,1.96,0.025,0,,NO3,0,biofilm,6,8:46,15:26,6:40,4,,0.009,,0.009,N,1.152,,,,2.25792
BW0.5m,BW,0.5,146,Biofilm_NA_2,2023-06-26,June,2,1.96,1.96,0.025,0,,NO3,0,biofilm,6,8:46,15:26,6:40,4,,0.006,,0.006,N,1.152,,,,2.25792
BW0.5m,BW,0.5,147,Biofilm_NA_3,2023-06-26,June,3,1.98,1.98,0.025,0,,NO3,0,biofilm,6,8:46,15:26,6:40,4,,0.012,,0.012,N,1.152,,,,2.28096
BW0.5m,BW,0.5,148,Biofilm_NA_4,2023-06-26,June,1,1.99,1.99,0.025,100,,NO3,100,biofilm,6,8:48,15:26,6:38,4,,0.022,,0.022,N,1.152,,,,2.29248
BW0.5m,BW,0.5,149,Biofilm_NA_5,2023-06-26,June,2,1.97,1.97,0.025,100,,NO3,100,biofilm,6,8:48,15:26,6:38,4,,0.019,,0.019,N,1.152,,,,2.26944
BW0.5m,BW,0.5,150,Biofilm_NA_6,2023-06-26,June,3,2,2,0.025,100,,NO3,100,biofilm,6,8:48,15:26,6:38,4,,0.024,,0.024,N,1.152,,,,2.304
BW0.5m,BW,0.5,151,Biofilm_NA_7,2023-06-26,June,1,2.01,2.01,0.025,200,,NO3,200,biofilm,6,8:52,15:27,6:35,4,,0.075,,0.075,N,1.152,,,,2.31552
BW0.5m,BW,0.5,152,Biofilm_NA_8,2023-06-26,June,2,2,2,0.025,200,,NO3,200,biofilm,6,8:52,15:27,6:35,4,,0.079,,0.079,N,1.152,,,,2.304
BW0.5m,BW,0.5,153,Biofilm_NA_9,2023-06-26,June,3,2.04,2.04,0.025,200,,NO3,200,biofilm,6,8:52,15:27,6:35,4,,0.073,,0.073,N,1.152,,,,2.35008
BW0.5m,BW,0.5,154,Biofilm_NA_10,2023-06-26,June,1,2.04,2.04,0.025,800,,NO3,800,biofilm,6,8:54,15:37,6:43,4,,0.537,,0.537,N,1.152,,,,2.35008
BW0.5m,BW,0.5,155,Biofilm_NA_11,2023-06-26,June,2,1.98,1.98,0.025,800,,NO3,800,biofilm,6,8:54,15:37,6:43,4,,0.536,,0.536,N,1.152,,,,2.28096
BW0.5m,BW,0.5,156,Biofilm_NA_12,2023-06-26,June,3,2.02,2.02,0.025,800,,NO3,800,biofilm,6,8:54,15:37,6:43,4,,0.58,,0.58,N,1.152,,,,2.32704
BW0.5m,BW,0.5,157,Biofilm_NA_13,2023-06-26,June,1,2.01,2.01,0.025,1200,,NO3,1200,biofilm,6,8:57,15:43,6:46,4,,0.863,,0.863,N,1.152,,,,2.31552
BW0.5m,BW,0.5,158,Biofilm_NA_14,2023-06-26,June,2,2.01,2.01,0.025,1200,,NO3,1200,biofilm,6,8:57,15:43,6:46,4,,0.923,,0.923,N,1.152,,,,2.31552
BW0.5m,BW,0.5,159,Biofilm_NA_15,2023-06-26,June,3,2.01,2.01,0.025,1200,,NO3,1200,biofilm,6,8:57,15:43,6:46,4,,0.946,,0.946,N,1.152,,,,2.31552
BW0.5m,BW,0.5,160,Biofilm_NA_16,2023-06-26,June,1,2.01,2.01,0.025,1600,,NO3,1600,biofilm,6,8:59,15:47,6:48,5,,1.36,,1.36,N,1.152,,,,2.31552
BW0.5m,BW,0.5,161,Biofilm_NA_17,2023-06-26,June,2,2.05,2.05,0.025,1600,,NO3,1600,biofilm,6,8:59,15:47,6:48,5,,1.268,,1.268,N,1.152,,,,2.3616
BW0.5m,BW,0.5,162,Biofilm_NA_18,2023-06-26,June,3,1.99,1.99,0.025,1600,,NO3,1600,biofilm,6,8:59,15:47,6:48,5,,1.327,,1.327,N,1.152,,,,2.29248
GB0.5m,GB,0.5,163,Biofilm_NA_19,2023-06-27,June,1,2.03,2.03,0.025,0,,NO3,0,biofilm,6,8:46,15:18,6:32,3,,0.01,,0.01,N,0.620,,,,1.2586
GB0.5m,GB,0.5,164,Biofilm_NA_20,2023-06-27,June,2,2.09,2.09,0.025,0,,NO3,0,biofilm,6,8:46,15:18,6:32,3,,0.008,,0.008,N,0.620,,,,1.2958
GB0.5m,GB,0.5,165,Biofilm_NA_21,2023-06-27,June,3,2.09,2.09,0.025,0,,NO3,0,biofilm,6,8:46,15:18,6:32,3,,0.009,,0.009,N,0.620,,,,1.2958
GB0.5m,GB,0.5,166,Biofilm_NA_22,2023-06-27,June,1,2.02,2.02,0.025,100,,NO3,100,biofilm,6,8:49,15:29,6:40,4,,0.065,,0.065,N,0.620,,,,1.2524
GB0.5m,GB,0.5,167,Biofilm_NA_23,2023-06-27,June,2,2.07,2.07,0.025,100,,NO3,100,biofilm,6,8:49,15:29,6:40,4,Removed a shrimp from this vial during start time,0.075,,0.075,N,0.620,,,,1.2834
GB0.5m,GB,0.5,168,Biofilm_NA_24,2023-06-27,June,3,2.06,2.06,0.025,100,,NO3,100,biofilm,6,8:49,15:29,6:40,4,,0.058,,0.058,N,0.620,,,,1.2772
GB0.5m,GB,0.5,169,Biofilm_NA_25,2023-06-27,June,1,2.07,2.07,0.025,200,,NO3,200,biofilm,6,8:52,15:35,6:43,4,,0.16,,0.16,N,0.620,,,,1.2834
GB0.5m,GB,0.5,170,Biofilm_NA_26,2023-06-27,June,2,2.06,2.06,0.025,200,,NO3,200,biofilm,6,8:52,15:35,6:43,4,,0.155,,0.155,N,0.620,,,,1.2772
GB0.5m,GB,0.5,171,Biofilm_NA_27,2023-06-27,June,3,2.11,2.11,0.025,200,,NO3,200,biofilm,6,8:52,15:35,6:43,4,,0.16,,0.16,N,0.620,,,,1.3082
GB0.5m,GB,0.5,172,Biofilm_NA_28,2023-06-27,June,1,2.05,2.05,0.025,800,,NO3,800,biofilm,6,8:55,15:41,6:46,4,,0.658,,0.658,N,0.620,,,,1.271
GB0.5m,GB,0.5,173,Biofilm_NA_29,2023-06-27,June,2,2.08,2.08,0.025,800,,NO3,800,biofilm,6,8:55,15:41,6:46,4,Removed a shrimp during start time ,0.671,,0.671,N,0.620,,,,1.2896
GB0.5m,GB,0.5,174,Biofilm_NA_30,2023-06-27,June,3,2.09,2.09,0.025,800,,NO3,800,biofilm,6,8:55,15:41,6:46,4,,0.684,,0.684,N,0.620,,,,1.2958
GB0.5m,GB,0.5,175,Biofilm_NA_31,2023-06-27,June,1,2.09,2.09,0.025,1200,,NO3,1200,biofilm,6,8:57,15:44,6:47,4,,1.104,,1.104,N,0.620,,,,1.2958
GB0.5m,GB,0.5,176,Biofilm_NA_32,2023-06-27,June,2,2.07,2.07,0.025,1200,,NO3,1200,biofilm,6,8:57,15:44,6:47,4,,1.085,,1.085,N,0.620,,,,1.2834
GB0.5m,GB,0.5,177,Biofilm_NA_33,2023-06-27,June,3,2.1,2.1,0.025,1200,,NO3,1200,biofilm,6,8:57,15:44,6:47,4,,1.132,,1.132,N,0.620,,,,1.302
GB0.5m,GB,0.5,178,Biofilm_NA_34,2023-06-27,June,1,2.07,2.07,0.025,1600,,NO3,1600,biofilm,6,8:59,15:50,6:51,5,,1.528,,1.528,N,0.620,,,,1.2834
GB0.5m,GB,0.5,179,Biofilm_NA_35,2023-06-27,June,2,2.06,2.06,0.025,1600,,NO3,1600,biofilm,6,8:59,15:50,6:51,5,,1.422,,1.422,N,0.620,,,,1.2772
GB0.5m,GB,0.5,180,Biofilm_NA_36,2023-06-27,June,3,2.06,2.06,0.025,1600,,NO3,1600,biofilm,6,8:59,15:00,6:01,5,,1.387,,1.387,N,0.620,,,,1.2772
BW_3m,BW,3,181,Water_NA_1,2023-06-26,June,1,,,0.025,0,,NO3,0,water,6,8:46,15:23,6:37,4,,0.014,,0.014,N,,,,,
BW_3m,BW,3,182,Water_NA_2,2023-06-26,June,2,,,0.025,0,,NO3,0,water,6,8:46,15:23,6:37,4,,0.012,,0.012,N,,,,,
BW_3m,BW,3,183,Water_NA_3,2023-06-26,June,3,,,0.025,0,,NO3,0,water,6,8:46,15:23,6:37,4,,0.011,,0.011,N,,,,,
BW_3m,BW,3,184,Water_NA_4,2023-06-26,June,1,,,0.025,100,,NO3,100,water,6,8:49,,15:11,,,0.118,,0.118,N,,,,,
BW_3m,BW,3,185,Water_NA_5,2023-06-26,June,2,,,0.025,100,,NO3,100,water,6,8:49,,15:11,,,0.096,,0.096,N,,,,,
BW_3m,BW,3,186,Water_NA_6,2023-06-26,June,3,,,0.025,100,,NO3,100,water,6,8:49,,15:11,,,0.114,,0.114,N,,,,,
BW_3m,BW,3,187,Water_NA_7,2023-06-26,June,1,,,0.025,200,,NO3,200,water,6,8:53,15:33,6:40,4,,0.216,,0.216,N,,,,,
BW_3m,BW,3,188,Water_NA_8,2023-06-26,June,2,,,0.025,200,,NO3,200,water,6,8:53,15:33,6:40,4,,0.219,,0.219,N,,,,,
BW_3m,BW,3,189,Water_NA_9,2023-06-26,June,3,,,0.025,200,,NO3,200,water,6,8:53,15:33,6:40,4,,0.216,,0.216,N,,,,,
BW_3m,BW,3,190,Water_NA_10,2023-06-26,June,1,,,0.025,800,,NO3,800,water,6,8:56,15:40,6:44,4,,0.77,,0.77,N,,,,,
BW_3m,BW,3,191,Water_NA_11,2023-06-26,June,2,,,0.025,800,,NO3,800,water,6,8:56,15:40,6:44,4,,0.788,,0.788,N,,,,,
BW_3m,BW,3,192,Water_NA_12,2023-06-26,June,3,,,0.025,800,,NO3,800,water,6,8:56,15:40,6:44,4,,0.762,,0.762,N,,,,,
BW_3m,BW,3,193,Water_NA_13,2023-06-26,June,1,,,0.025,1200,,NO3,1200,water,6,8:58,15:45,6:47,5,,1.244,,1.244,N,,,,,
BW_3m,BW,3,194,Water_NA_14,2023-06-26,June,2,,,0.025,1200,,NO3,1200,water,6,8:58,15:45,6:47,5,,1.1,,1.1,N,,,,,
BW_3m,BW,3,195,Water_NA_15,2023-06-26,June,3,,,0.025,1200,,NO3,1200,water,6,8:58,15:45,6:47,5,,1.147,,1.147,N,,,,,
BW_3m,BW,3,196,Water_NA_16,2023-06-26,June,1,,,0.025,1600,,NO3,1600,water,6,9:00,,15:00,,,1.618,,1.618,N,,,,,
BW_3m,BW,3,197,Water_NA_17,2023-06-26,June,2,,,0.025,1600,,NO3,1600,water,6,9:00,,15:00,,,1.482,,1.482,N,,,,,
BW_3m,BW,3,198,Water_NA_18,2023-06-26,June,3,,,0.025,1600,,NO3,1600,water,6,9:00,,15:00,,,1.673,,1.673,N,,,,,
GB_3m,GB,3,199,Water_NA_19,2023-06-27,June,1,,,0.025,0,,NO3,0,water,6,8:47,15:22,6:35,4,,0.012,,0.012,N,,,,,
GB_3m,GB,3,200,Water_NA_20,2023-06-27,June,2,,,0.025,0,,NO3,0,water,6,8:47,15:22,6:35,4,,0.007,,0.007,N,,,,,
GB_3m,GB,3,201,Water_NA_21,2023-06-27,June,3,,,0.025,0,,NO3,0,water,6,8:47,15:22,6:35,4,,0.007,,0.007,N,,,,,
GB_3m,GB,3,202,Water_NA_22,2023-06-27,June,1,,,0.025,100,,NO3,100,water,6,8:51,15:32,6:41,4,,0.111,,0.111,N,,,,,
GB_3m,GB,3,203,Water_NA_23,2023-06-27,June,2,,,0.025,100,,NO3,100,water,6,8:51,15:32,6:41,4,,0.115,,0.115,N,,,,,
GB_3m,GB,3,204,Water_NA_24,2023-06-27,June,3,,,0.025,100,,NO3,100,water,6,8:51,15:32,6:41,4,,0.117,,0.117,N,,,,,
GB_3m,GB,3,205,Water_NA_25,2023-06-27,June,1,,,0.025,200,,NO3,200,water,6,8:54,15:37,6:43,4,,0.226,,0.226,N,,,,,
GB_3m,GB,3,206,Water_NA_26,2023-06-27,June,2,,,0.025,200,,NO3,200,water,6,8:54,15:37,6:43,4,,0.218,,0.218,N,,,,,
GB_3m,GB,3,207,Water_NA_27,2023-06-27,June,3,,,0.025,200,,NO3,200,water,6,8:54,15:37,6:43,4,,0.219,,0.219,N,,,,,
GB_3m,GB,3,208,Water_NA_28,2023-06-27,June,1,,,0.025,800,,NO3,800,water,6,8:56,15:42,6:46,4,,0.883,,0.883,N,,,,,
GB_3m,GB,3,209,Water_NA_29,2023-06-27,June,2,,,0.025,800,,NO3,800,water,6,8:56,15:42,6:46,4,,0.821,,0.821,N,,,,,
GB_3m,GB,3,210,Water_NA_30,2023-06-27,June,3,,,0.025,800,,NO3,800,water,6,8:56,15:42,6:46,4,,0.815,,0.815,N,,,,,
GB_3m,GB,3,211,Water_NA_31,2023-06-27,June,1,,,0.025,1200,,NO3,1200,water,6,8:58,15:49,6:51,5,,1.216,,1.216,N,,,,,
GB_3m,GB,3,212,Water_NA_32,2023-06-27,June,2,,,0.025,1200,,NO3,1200,water,6,8:58,15:49,6:51,5,,1.198,,1.198,N,,,,,
GB_3m,GB,3,213,Water_NA_33,2023-06-27,June,3,,,0.025,1200,,NO3,1200,water,6,8:58,15:49,6:51,5,,1.272,,1.272,N,,,,,
GB_3m,GB,3,214,Water_NA_34,2023-06-27,June,1,,,0.025,1600,,NO3,1600,water,6,9:00,15:50,6:50,5,,1.596,,1.596,N,,,,,
GB_3m,GB,3,215,Water_NA_35,2023-06-27,June,2,,,0.025,1600,,NO3,1600,water,6,9:00,15:50,6:50,5,,1.59,,1.59,N,,,,,
GB_3m,GB,3,216,Water_NA_36,2023-06-27,June,3,,,0.025,1600,,NO3,1600,water,6,9:00,15:50,6:50,5,,1.55,,1.55,N,,,,,
BW0.5m,BW,0.5,217,Sed_NA_145,2023-06-26,June,1,2060,2.06,0.025,,0,NH3,0,sediment,6,9:02,15:56,6:54,5,,,0.005,0.005,N,0.331,0.014,0.243,1.559000553,0.02214103189
BW0.5m,BW,0.5,218,Sed_NA_146,2023-06-26,June,2,2080,2.08,0.025,,0,NH3,0,sediment,6,9:02,15:56,6:54,5,,,-0.0005,-0.0005,N,0.331,0.014,0.243,1.57413648,0.02235599337
BW0.5m,BW,0.5,219,Sed_NA_147,2023-06-26,June,3,1970,1.97,0.025,,0,NH3,0,sediment,6,9:02,15:56,6:54,5,,,0.0025,0.0025,N,0.331,0.014,0.243,1.490888878,0.02117370526
BW0.5m,BW,0.5,220,Sed_NA_148,2023-06-26,June,1,2070,2.07,0.025,,100,NH3,100,sediment,6,9:06,16:05,6:59,5,,,0.0648,0.0648,N,0.331,0.014,0.243,1.566568517,0.02224851263
BW0.5m,BW,0.5,221,Sed_NA_149,2023-06-26,June,2,1950,1.95,0.025,,100,NH3,100,sediment,6,9:06,16:05,6:59,5,,,0.0683,0.0683,N,0.331,0.014,0.243,1.47575295,0.02095874378
BW0.5m,BW,0.5,222,Sed_NA_150,2023-06-26,June,3,2010,2.01,0.025,,100,NH3,100,sediment,6,9:06,16:05,6:59,5,,,0.0635,0.0635,N,0.331,0.014,0.243,1.521160733,0.02160362821
BW0.5m,BW,0.5,223,Sed_NA_151,2023-06-26,June,1,1970,1.97,0.025,,200,NH3,200,sediment,6,9:08,16:07,6:59,6,,,0.1315,0.1315,N,0.331,0.014,0.243,1.490888878,0.02117370526
BW0.5m,BW,0.5,224,Sed_NA_152,2023-06-26,June,2,2000,2,0.025,,200,NH3,200,sediment,6,9:08,16:07,6:59,6,,,0.1301,0.1301,N,0.331,0.014,0.243,1.51359277,0.02149614747
BW0.5m,BW,0.5,225,Sed_NA_153,2023-06-26,June,3,2060,2.06,0.025,,200,NH3,200,sediment,6,9:08,16:07,6:59,6,,,0.1263,0.1263,N,0.331,0.014,0.243,1.559000553,0.02214103189
BW0.5m,BW,0.5,226,Sed_NA_154,2023-06-26,June,1,1970,1.97,0.025,,800,NH3,800,sediment,6,9:09,16:16,7:07,6,,,0.535,0.535,N,0.331,0.014,0.243,1.490888878,0.02117370526
BW0.5m,BW,0.5,227,Sed_NA_155,2023-06-26,June,2,2040,2.04,0.025,,800,NH3,800,sediment,6,9:09,16:16,7:07,6,,,0.532,0.532,N,0.331,0.014,0.243,1.543864625,0.02192607042
BW0.5m,BW,0.5,228,Sed_NA_156,2023-06-26,June,3,2040,2.04,0.025,,800,NH3,800,sediment,6,9:09,16:16,7:07,6,,,0.5347,0.5347,N,0.331,0.014,0.243,1.543864625,0.02192607042
BW0.5m,BW,0.5,229,Sed_NA_157,2023-06-26,June,1,2050,2.05,0.025,,1200,NH3,1200,sediment,6,9:11,16:25,7:14,6,,,0.7821,0.7821,N,0.331,0.014,0.243,1.551432589,0.02203355116
BW0.5m,BW,0.5,230,Sed_NA_158,2023-06-26,June,2,2010,2.01,0.025,,1200,NH3,1200,sediment,6,9:11,16:25,7:14,6,,,0.7842,0.7842,N,0.331,0.014,0.243,1.521160733,0.02160362821
BW0.5m,BW,0.5,231,Sed_NA_159,2023-06-26,June,3,2070,2.07,0.025,,1200,NH3,1200,sediment,6,9:11,16:25,7:14,6,,,0.7785,0.7785,N,0.331,0.014,0.243,1.566568517,0.02224851263
BW0.5m,BW,0.5,232,Sed_NA_160,2023-06-26,June,1,2000,2,0.025,,1600,NH3,1600,sediment,6,9:13,16:27,7:14,6,,,1.108,1.108,N,0.331,0.014,0.243,1.51359277,0.02149614747
BW0.5m,BW,0.5,233,Sed_NA_161,2023-06-26,June,2,2010,2.01,0.025,,1600,NH3,1600,sediment,6,9:13,16:27,7:14,6,,,1.1075,1.1075,N,0.331,0.014,0.243,1.521160733,0.02160362821
BW0.5m,BW,0.5,234,Sed_NA_162,2023-06-26,June,3,2020,2.02,0.025,,1600,NH3,1600,sediment,6,9:13,16:27,7:14,6,,,1.0775,1.0775,N,0.331,0.014,0.243,1.528728697,0.02171110894
BW_3m,BW,3,235,Sed_NA_163,2023-06-26,June,1,1970,1.97,0.025,,0,NH3,0,sediment,6,9:03,16:00,6:57,5,,,0.0008,0.0008,N,0.365,0.019,0.279,1.42037,0.02674103108
BW_3m,BW,3,236,Sed_NA_164,2023-06-26,June,2,1990,1.99,0.025,,0,NH3,0,sediment,6,9:03,16:00,6:57,5,,,-0.0018,-0.0018,N,0.365,0.019,0.279,1.43479,0.02701251363
BW_3m,BW,3,237,Sed_NA_165,2023-06-26,June,3,2010,2.01,0.025,,0,NH3,0,sediment,6,9:03,16:00,6:57,5,,,-0.0022,-0.0022,N,0.365,0.019,0.279,1.44921,0.02728399618
BW_3m,BW,3,238,Sed_NA_166,2023-06-26,June,1,1990,1.99,0.025,,100,NH3,100,sediment,6,9:07,16:05,6:58,5,,,0.0407,0.0407,N,0.365,0.019,0.279,1.43479,0.02701251363
BW_3m,BW,3,239,Sed_NA_167,2023-06-26,June,2,2080,2.08,0.025,,100,NH3,100,sediment,6,9:07,16:05,6:58,5,,,0.0394,0.0394,N,0.365,0.019,0.279,1.49968,0.0282341851
BW_3m,BW,3,240,Sed_NA_168,2023-06-26,June,3,2010,2.01,0.025,,100,NH3,100,sediment,6,9:07,16:05,6:58,5,,,0.0471,0.0471,N,0.365,0.019,0.279,1.44921,0.02728399618
BW_3m,BW,3,241,Sed_NA_169,2023-06-26,June,1,1990,1.99,0.025,,200,NH3,200,sediment,6,9:08,16:10,7:02,5,,,0.1153,0.1153,N,0.365,0.019,0.279,1.43479,0.02701251363
BW_3m,BW,3,242,Sed_NA_170,2023-06-26,June,2,2000,2,0.025,,200,NH3,200,sediment,6,9:08,16:10,7:02,5,,,0.1013,0.1013,N,0.365,0.019,0.279,1.442,0.0271482549
BW_3m,BW,3,243,Sed_NA_171,2023-06-26,June,3,2020,2.02,0.025,,200,NH3,200,sediment,6,9:08,16:10,7:02,5,,,0.108,0.108,N,0.365,0.019,0.279,1.45642,0.02741973745
BW_3m,BW,3,244,Sed_NA_172,2023-06-26,June,1,2080,2.08,0.025,,800,NH3,800,sediment,6,9:10,16:14,7:04,6,,,0.5,0.5,N,0.365,0.019,0.279,1.49968,0.0282341851
BW_3m,BW,3,245,Sed_NA_173,2023-06-26,June,2,2000,2,0.025,,800,NH3,800,sediment,6,9:10,16:14,7:04,6,,,0.5001,0.5001,N,0.365,0.019,0.279,1.442,0.0271482549
BW_3m,BW,3,246,Sed_NA_174,2023-06-26,June,3,2010,2.01,0.025,,800,NH3,800,sediment,6,9:10,16:14,7:04,6,,,0.4881,0.4881,N,0.365,0.019,0.279,1.44921,0.02728399618
BW_3m,BW,3,247,Sed_NA_175,2023-06-26,June,1,2040,2.04,0.025,,1200,NH3,1200,sediment,6,9:11,16:23,7:12,6,,,0.7259,0.7259,N,0.365,0.019,0.279,1.47084,0.02769122
BW_3m,BW,3,248,Sed_NA_176,2023-06-26,June,2,2030,2.03,0.025,,1200,NH3,1200,sediment,6,9:11,16:23,7:12,6,,,0.6937,0.6937,N,0.365,0.019,0.279,1.46363,0.02755547872
BW_3m,BW,3,249,Sed_NA_177,2023-06-26,June,3,1960,1.96,0.025,,1200,NH3,1200,sediment,6,9:11,16:23,7:12,6,,,0.7179,0.7179,N,0.365,0.019,0.279,1.41316,0.0266052898
BW_3m,BW,3,250,Sed_NA_178,2023-06-26,June,1,2010,2.01,0.025,,1600,NH3,1600,sediment,6,9:13,16:26,7:13,6,,,0.9648,0.9648,N,0.365,0.019,0.279,1.44921,0.02728399618
BW_3m,BW,3,251,Sed_NA_179,2023-06-26,June,2,1990,1.99,0.025,,1600,NH3,1600,sediment,6,9:13,16:26,7:13,6,,,0.9603,0.9603,N,0.365,0.019,0.279,1.43479,0.02701251363
BW_3m,BW,3,252,Sed_NA_180,2023-06-26,June,3,1990,1.99,0.025,,1600,NH3,1600,sediment,6,9:13,16:26,7:13,6,,,1.0185,1.0185,N,0.365,0.019,0.279,1.43479,0.02701251363
SS_3m,SS,3,253,Sed_NA_181,2023-06-26,June,1,1990,1.99,0.025,,0,NH3,0,sediment,6,9:03,16:01,6:58,5,,,0.0027,0.0027,N,0.252,0.014,0.276,1.44076,0.02061335391
SS_3m,SS,3,254,Sed_NA_182,2023-06-26,June,2,1990,1.99,0.025,,0,NH3,0,sediment,6,9:03,16:01,6:58,5,,,0.0057,0.0057,N,0.252,0.014,0.276,1.44076,0.02061335391
SS_3m,SS,3,255,Sed_NA_183,2023-06-26,June,3,1970,1.97,0.025,,0,NH3,0,sediment,6,9:03,16:01,6:58,5,,,0.0463,0.0463,N,0.252,0.014,0.276,1.42628,0.02040618452
SS_3m,SS,3,256,Sed_NA_184,2023-06-26,June,1,2050,2.05,0.025,,100,NH3,100,sediment,6,9:07,16:06,6:59,5,,,0.0002,0.0002,N,0.252,0.014,0.276,1.4842,0.02123486207
SS_3m,SS,3,257,Sed_NA_185,2023-06-26,June,2,2000,2,0.025,,100,NH3,100,sediment,6,9:07,16:06,6:59,5,,,0.0027,0.0027,N,0.252,0.014,0.276,1.448,0.0207169386
SS_3m,SS,3,258,Sed_NA_186,2023-06-26,June,3,1950,1.95,0.025,,100,NH3,100,sediment,6,9:07,16:06,6:59,5,,,0.0017,0.0017,N,0.252,0.014,0.276,1.4118,0.02019901514
SS_3m,SS,3,259,Sed_NA_187,2023-06-26,June,1,2050,2.05,0.025,,200,NH3,200,sediment,6,9:08,16:12,7:04,6,,,0.0066,0.0066,N,0.252,0.014,0.276,1.4842,0.02123486207
SS_3m,SS,3,260,Sed_NA_188,2023-06-26,June,2,2040,2.04,0.025,,200,NH3,200,sediment,6,9:08,16:12,7:04,6,,,0.0065,0.0065,N,0.252,0.014,0.276,1.47696,0.02113127737
SS_3m,SS,3,261,Sed_NA_189,2023-06-26,June,3,2000,2,0.025,,200,NH3,200,sediment,6,9:08,16:12,7:04,6,,,0.0063,0.0063,N,0.252,0.014,0.276,1.448,0.0207169386
SS_3m,SS,3,262,Sed_NA_190,2023-06-26,June,1,1990,1.99,0.025,,800,NH3,800,sediment,6,9:10,16:18,7:08,6,,,0.3336,0.3336,N,0.252,0.014,0.276,1.44076,0.02061335391
SS_3m,SS,3,263,Sed_NA_191,2023-06-26,June,2,1980,1.98,0.025,,800,NH3,800,sediment,6,9:10,16:18,7:08,6,,,0.3404,0.3404,N,0.252,0.014,0.276,1.43352,0.02050976922
SS_3m,SS,3,264,Sed_NA_192,2023-06-26,June,3,1990,1.99,0.025,,800,NH3,800,sediment,6,9:10,16:18,7:08,6,,,0.2934,0.2934,N,0.252,0.014,0.276,1.44076,0.02061335391
SS_3m,SS,3,265,Sed_NA_193,2023-06-26,June,1,2020,2.02,0.025,,1200,NH3,1200,sediment,6,9:12,16:22,7:10,6,,,0.5541,0.5541,N,0.252,0.014,0.276,1.46248,0.02092410799
SS_3m,SS,3,266,Sed_NA_194,2023-06-26,June,2,2010,2.01,0.025,,1200,NH3,1200,sediment,6,9:12,16:22,7:10,6,,,0.5913,0.5913,N,0.252,0.014,0.276,1.45524,0.02082052329
SS_3m,SS,3,267,Sed_NA_195,2023-06-26,June,3,2030,2.03,0.025,,1200,NH3,1200,sediment,6,9:12,16:22,7:10,6,,,0.5785,0.5785,N,0.252,0.014,0.276,1.46972,0.02102769268
SS_3m,SS,3,268,Sed_NA_196,2023-06-26,June,1,2020,2.02,0.025,,1600,NH3,1600,sediment,6,9:14,16:30,7:16,6,,,0.8303,0.8303,N,0.252,0.014,0.276,1.46248,0.02092410799
SS_3m,SS,3,269,Sed_NA_197,2023-06-26,June,2,2020,2.02,0.025,,1600,NH3,1600,sediment,6,9:14,16:30,7:16,6,,,0.809,0.809,N,0.252,0.014,0.276,1.46248,0.02092410799
SS_3m,SS,3,270,Sed_NA_198,2023-06-26,June,3,2020,2.02,0.025,,1600,NH3,1600,sediment,6,9:14,16:30,7:16,6,,,0.8068,0.8068,N,0.252,0.014,0.276,1.46248,0.02092410799
BW_10m,BW,10,271,Sed_NA_199,2023-06-26,June,1,1972.9,1.9729,0.025,,0,NH3,0,sediment,6,9:03,16:02,6:59,5,,,0.0102,0.0102,N,0.604,0.039,0.343,1.2961953,0.05036717071
BW_10m,BW,10,272,Sed_NA_200,2023-06-26,June,2,2035.5,2.0355,0.025,,0,NH3,0,sediment,6,9:03,16:02,6:59,5,,,-0.0002,-0.0002,N,0.604,0.039,0.343,1.3373235,0.05196531805
BW_10m,BW,10,273,Sed_NA_201,2023-06-26,June,3,2052.4,2.0524,0.025,,0,NH3,0,sediment,6,9:03,16:02,6:59,5,,,0.0087,0.0087,N,0.604,0.039,0.343,1.3484268,0.05239676678
BW_10m,BW,10,274,Sed_NA_202,2023-06-26,June,1,2032,2.032,0.025,,100,NH3,100,sediment,6,9:07,16:10,7:03,5,,,0.0115,0.0115,N,0.604,0.039,0.343,1.335024,0.05187596477
BW_10m,BW,10,275,Sed_NA_203,2023-06-26,June,2,2034.5,2.0345,0.025,,100,NH3,100,sediment,6,9:07,16:10,7:03,5,,,0.0062,0.0062,N,0.604,0.039,0.343,1.3366665,0.05193978854
BW_10m,BW,10,276,Sed_NA_204,2023-06-26,June,3,1987.6,1.9876,0.025,,100,NH3,100,sediment,6,9:07,16:10,7:03,5,,,0.0092,0.0092,N,0.604,0.039,0.343,1.3058532,0.05074245451
BW_10m,BW,10,277,Sed_NA_205,2023-06-26,June,1,2002.6,2.0026,0.025,,200,NH3,200,sediment,6,9:09,16:13,7:04,5,,,0.0155,0.0155,N,0.604,0.039,0.343,1.3157082,0.05112539717
BW_10m,BW,10,278,Sed_NA_206,2023-06-26,June,2,2038.6,2.0386,0.025,,200,NH3,200,sediment,6,9:09,16:13,7:04,5,,,0.0152,0.0152,N,0.604,0.039,0.343,1.3393602,0.05204445954
BW_10m,BW,10,279,Sed_NA_207,2023-06-26,June,3,2034.9,2.0349,0.025,,200,NH3,200,sediment,6,9:09,16:13,7:04,5,,,0.0163,0.0163,N,0.604,0.039,0.343,1.3369293,0.05195000035
BW_10m,BW,10,280,Sed_NA_208,2023-06-26,June,1,2001.7,2.0017,0.025,,800,NH3,800,sediment,6,9:10,16:24,7:14,6,,,0.2803,0.2803,N,0.604,0.039,0.343,1.3151169,0.05110242061
BW_10m,BW,10,281,Sed_NA_209,2023-06-26,June,2,1978.2,1.9782,0.025,,800,NH3,800,sediment,6,9:10,16:24,7:14,6,,,0.2694,0.2694,N,0.604,0.039,0.343,1.2996774,0.05050247712
BW_10m,BW,10,282,Sed_NA_210,2023-06-26,June,3,2019.6,2.0196,0.025,,800,NH3,800,sediment,6,9:10,16:24,7:14,6,,,0.2839,0.2839,N,0.604,0.039,0.343,1.3268772,0.05155939884
BW_10m,BW,10,283,Sed_NA_211,2023-06-26,June,1,2008.8,2.0088,0.025,,1200,NH3,1200,sediment,6,9:12,16:25,7:13,6,,,0.5132,0.5132,N,0.604,0.039,0.343,1.3197816,0.05128368013
BW_10m,BW,10,284,Sed_NA_212,2023-06-26,June,2,2018.8,2.0188,0.025,,1200,NH3,1200,sediment,6,9:12,16:25,7:13,6,,,0.4823,0.4823,N,0.604,0.039,0.343,1.3263516,0.05153897523
BW_10m,BW,10,285,Sed_NA_213,2023-06-26,June,3,2052.3,2.0523,0.025,,1200,NH3,1200,sediment,6,9:12,16:25,7:13,6,filter broke,,0.4447,0.4447,N,0.604,0.039,0.343,1.3483611,0.05239421383
BW_10m,BW,10,286,Sed_NA_214,2023-06-26,June,1,2031.8,2.0318,0.025,,1600,NH3,1600,sediment,6,9:14,16:28,7:14,6,,,0.6407,0.6407,N,0.604,0.039,0.343,1.3348926,0.05187085887
BW_10m,BW,10,287,Sed_NA_215,2023-06-26,June,2,2025.8,2.0258,0.025,,1600,NH3,1600,sediment,6,9:14,16:28,7:14,6,,,0.6468,0.6468,N,0.604,0.039,0.343,1.3309506,0.0517176818
BW_10m,BW,10,288,Sed_NA_216,2023-06-26,June,3,2029.5,2.0295,0.025,,1600,NH3,1600,sediment,6,9:14,16:28,7:14,6,,,0.6713,0.6713,N,0.604,0.039,0.343,1.3333815,0.05181214099
GB0.5m,GB,0.5,289,Sed_NA_217,2023-06-27,June,1,2.01,2.01,0.025,,0,NH3,0,sediment,6,9:16,16:33,7:17,7,,,0.012,0.012,N,0.194,0.006,0.238,1.530653218,0.008851827264
GB0.5m,GB,0.5,290,Sed_NA_218,2023-06-27,June,2,2.04,2.04,0.025,,0,NH3,0,sediment,6,9:16,16:33,7:17,7,,,0.0112,0.0112,N,0.194,0.006,0.238,1.553498788,0.008983944089
GB0.5m,GB,0.5,291,Sed_NA_219,2023-06-27,June,3,1.97,1.97,0.025,,0,NH3,0,sediment,6,9:16,16:33,7:17,7,,,0.0167,0.0167,N,0.194,0.006,0.238,1.500192457,0.008675671497
GB0.5m,GB,0.5,292,Sed_NA_220,2023-06-27,June,1,2.02,2.02,0.025,,100,NH3,100,sediment,6,9:18,,14:42,,,,0.0876,0.0876,N,0.194,0.006,0.238,1.538268408,0.008895866205
GB0.5m,GB,0.5,293,Sed_NA_221,2023-06-27,June,2,2.01,2.01,0.025,,100,NH3,100,sediment,6,9:18,,14:42,,,,0.0911,0.0911,N,0.194,0.006,0.238,1.530653218,0.008851827264
GB0.5m,GB,0.5,294,Sed_NA_222,2023-06-27,June,3,1.93,1.93,0.025,,100,NH3,100,sediment,6,9:18,,14:42,,,,0.0873,0.0873,N,0.194,0.006,0.238,1.469731697,0.008499515731
GB0.5m,GB,0.5,295,Sed_NA_223,2023-06-27,June,1,1.98,1.98,0.025,,200,NH3,200,sediment,6,9:20,16:38,7:18,7,,,0.1636,0.1636,N,0.194,0.006,0.238,1.507807647,0.008719710439
GB0.5m,GB,0.5,296,Sed_NA_224,2023-06-27,June,2,2.02,2.02,0.025,,200,NH3,200,sediment,6,9:20,16:38,7:18,7,,,0.1633,0.1633,N,0.194,0.006,0.238,1.538268408,0.008895866205
GB0.5m,GB,0.5,297,Sed_NA_225,2023-06-27,June,3,2.01,2.01,0.025,,200,NH3,200,sediment,6,9:20,16:38,7:18,7,,,0.171,0.171,N,0.194,0.006,0.238,1.530653218,0.008851827264
GB0.5m,GB,0.5,298,Sed_NA_226,2023-06-27,June,1,1.94,1.94,0.025,,800,NH3,800,sediment,6,9:21,16:46,7:25,7,,,0.6552,0.6552,N,0.194,0.006,0.238,1.477346887,0.008543554672
GB0.5m,GB,0.5,299,Sed_NA_227,2023-06-27,June,2,2.01,2.01,0.025,,800,NH3,800,sediment,6,9:21,16:46,7:25,7,,,0.6506,0.6506,N,0.194,0.006,0.238,1.530653218,0.008851827264
GB0.5m,GB,0.5,300,Sed_NA_228,2023-06-27,June,3,2.04,2.04,0.025,,800,NH3,800,sediment,6,9:21,16:46,7:25,7,,,0.6555,0.6555,N,0.194,0.006,0.238,1.553498788,0.008983944089
GB0.5m,GB,0.5,301,Sed_NA_229,2023-06-27,June,1,1.98,1.98,0.025,,1200,NH3,1200,sediment,6,9:23,16:48,7:25,8,,,0.9732,0.9732,N,0.194,0.006,0.238,1.507807647,0.008719710439
GB0.5m,GB,0.5,302,Sed_NA_230,2023-06-27,June,2,1.97,1.97,0.025,,1200,NH3,1200,sediment,6,9:23,16:48,7:25,8,,,0.972,0.972,N,0.194,0.006,0.238,1.500192457,0.008675671497
GB0.5m,GB,0.5,303,Sed_NA_231,2023-06-27,June,3,1.93,1.93,0.025,,1200,NH3,1200,sediment,6,9:23,16:48,7:25,8,,,1.022,1.022,N,0.194,0.006,0.238,1.469731697,0.008499515731
GB0.5m,GB,0.5,304,Sed_NA_232,2023-06-27,June,1,2.05,2.05,0.025,,1600,NH3,1600,sediment,6,9:26,16:51,7:25,8,,,1.3178,1.3178,N,0.194,0.006,0.238,1.561113978,0.00902798303
GB0.5m,GB,0.5,305,Sed_NA_233,2023-06-27,June,2,2.03,2.03,0.025,,1600,NH3,1600,sediment,6,9:26,16:51,7:25,8,,,1.3086,1.3086,N,0.194,0.006,0.238,1.545883598,0.008939905147
GB0.5m,GB,0.5,306,Sed_NA_234,2023-06-27,June,3,2.04,2.04,0.025,,1600,NH3,1600,sediment,6,9:26,16:51,7:25,8,,,1.3235,1.3235,N,0.194,0.006,0.238,1.553498788,0.008983944089
GB_3m,GB,3,307,Sed_NA_235,2023-06-27,June,1,2.11,2.11,0.025,,0,NH3,0,sediment,6,9:16,16:28,7:12,6,,,0.0089,0.0089,N,0.104,0.005,0.272,1.536229534,0.00766887537
GB_3m,GB,3,308,Sed_NA_236,2023-06-27,June,2,1.99,1.99,0.025,,0,NH3,0,sediment,6,9:16,16:28,7:12,6,,,0.0197,0.0197,N,0.104,0.005,0.272,1.44886103,0.007232730799
GB_3m,GB,3,309,Sed_NA_237,2023-06-27,June,3,2.15,2.15,0.025,,0,NH3,0,sediment,6,9:16,16:28,7:12,6,,,0.0079,0.0079,N,0.104,0.005,0.272,1.565352369,0.007814256893
GB_3m,GB,3,310,Sed_NA_238,2023-06-27,June,1,2.02,2.02,0.025,,100,NH3,100,sediment,6,9:19,16:35,7:16,7,,,0.0336,0.0336,N,0.104,0.005,0.272,1.470703156,0.007341766941
GB_3m,GB,3,311,Sed_NA_239,2023-06-27,June,2,2.14,2.14,0.025,,100,NH3,100,sediment,6,9:19,16:35,7:16,7,,,0.0553,0.0553,N,0.104,0.005,0.272,1.55807166,0.007777911512
GB_3m,GB,3,312,Sed_NA_240,2023-06-27,June,3,2.07,2.07,0.025,,100,NH3,100,sediment,6,9:19,16:35,7:16,7,,,0.0214,0.0214,N,0.104,0.005,0.272,1.507106699,0.007523493846
GB_3m,GB,3,313,Sed_NA_241,2023-06-27,June,1,1.93,1.93,0.025,,200,NH3,200,sediment,6,9:20,16:41,7:21,7,,,0.0884,0.0884,N,0.104,0.005,0.272,1.405176778,0.007014658513
GB_3m,GB,3,314,Sed_NA_242,2023-06-27,June,2,1.93,1.93,0.025,,200,NH3,200,sediment,6,9:20,16:41,7:21,7,,,0.0889,0.0889,N,0.104,0.005,0.272,1.405176778,0.007014658513
GB_3m,GB,3,315,Sed_NA_243,2023-06-27,June,3,2.17,2.17,0.025,,200,NH3,200,sediment,6,9:20,16:41,7:21,7,Noticed at 1pm shake up that volume looked to be half as much as the other vials ,,0.0974,0.0974,N,0.104,0.005,0.272,1.579913786,0.007886947655
GB_3m,GB,3,316,Sed_NA_244,2023-06-27,June,1,2.15,2.15,0.025,,800,NH3,800,sediment,6,9:22,16:45,7:23,7,,,0.5424,0.5424,N,0.104,0.005,0.272,1.565352369,0.007814256893
GB_3m,GB,3,317,Sed_NA_245,2023-06-27,June,2,2.09,2.09,0.025,,800,NH3,800,sediment,6,9:22,16:45,7:23,7,,,0.5165,0.5165,N,0.104,0.005,0.272,1.521668117,0.007596184608
GB_3m,GB,3,318,Sed_NA_246,2023-06-27,June,3,2.02,2.02,0.025,,800,NH3,800,sediment,6,9:22,16:45,7:23,7,,,0.5732,0.5732,N,0.104,0.005,0.272,1.470703156,0.007341766941
GB_3m,GB,3,319,Sed_NA_247,2023-06-27,June,1,2.12,2.12,0.025,,1200,NH3,1200,sediment,6,9:24,16:48,7:24,8,,,0.8584,0.8584,N,0.104,0.005,0.272,1.543510243,0.00770522075
GB_3m,GB,3,320,Sed_NA_248,2023-06-27,June,2,2.12,2.12,0.025,,1200,NH3,1200,sediment,6,9:24,16:48,7:24,8,,,0.8638,0.8638,N,0.104,0.005,0.272,1.543510243,0.00770522075
GB_3m,GB,3,321,Sed_NA_249,2023-06-27,June,3,2.06,2.06,0.025,,1200,NH3,1200,sediment,6,9:24,16:48,7:24,8,,,0.9007,0.9007,N,0.104,0.005,0.272,1.499825991,0.007487148465
GB_3m,GB,3,322,Sed_NA_250,2023-06-27,June,1,1.97,1.97,0.025,,1600,NH3,1600,sediment,6,9:26,16:51,7:25,8,,,1.2797,1.2797,N,0.104,0.005,0.272,1.434299612,0.007160040037
GB_3m,GB,3,323,Sed_NA_251,2023-06-27,June,2,2.11,2.11,0.025,,1600,NH3,1600,sediment,6,9:26,16:51,7:25,8,,,1.2288,1.2288,N,0.104,0.005,0.272,1.536229534,0.00766887537
GB_3m,GB,3,324,Sed_NA_252,2023-06-27,June,3,2.1,2.1,0.025,,1600,NH3,1600,sediment,6,9:26,16:51,7:25,8,,,1.2548,1.2548,N,0.104,0.005,0.272,1.528948825,0.007632529989
SH_3m,SH,3,325,Sed_NA_253,2023-06-27,June,1,2.07,2.07,0.025,,0,NH3,0,sediment,6,9:16,16:31,7:15,7,,,0.0086,0.0086,N,0.134,0.004,0.264,1.52352,0.006720028043
SH_3m,SH,3,326,Sed_NA_254,2023-06-27,June,2,2.03,2.03,0.025,,0,NH3,0,sediment,6,9:16,16:31,7:15,7,,,0.0074,0.0074,N,0.134,0.004,0.264,1.49408,0.006590172429
SH_3m,SH,3,327,Sed_NA_255,2023-06-27,June,3,2.16,2.16,0.025,,0,NH3,0,sediment,6,9:16,16:31,7:15,7,,,0.0113,0.0113,N,0.134,0.004,0.264,1.58976,0.007012203175
SH_3m,SH,3,328,Sed_NA_256,2023-06-27,June,1,2.05,2.05,0.025,,100,NH3,100,sediment,6,9:19,16:37,7:18,7,,,0.062,0.062,N,0.134,0.004,0.264,1.5088,0.006655100236
SH_3m,SH,3,329,Sed_NA_257,2023-06-27,June,2,2.17,2.17,0.025,,100,NH3,100,sediment,6,9:19,16:37,7:18,7,,,0.0591,0.0591,N,0.134,0.004,0.264,1.59712,0.007044667079
SH_3m,SH,3,330,Sed_NA_258,2023-06-27,June,3,1.96,1.96,0.025,,100,NH3,100,sediment,6,9:19,16:37,7:18,7,,,0.0595,0.0595,N,0.134,0.004,0.264,1.44256,0.006362925104
SH_3m,SH,3,331,Sed_NA_259,2023-06-27,June,1,2,2,0.025,,200,NH3,200,sediment,6,9:20,16:43,7:23,7,,,0.1288,0.1288,N,0.134,0.004,0.264,1.472,0.006492780718
SH_3m,SH,3,332,Sed_NA_260,2023-06-27,June,2,2.07,2.07,0.025,,200,NH3,200,sediment,6,9:20,16:43,7:23,7,,,0.1222,0.1222,N,0.134,0.004,0.264,1.52352,0.006720028043
SH_3m,SH,3,333,Sed_NA_261,2023-06-27,June,3,2,2,0.025,,200,NH3,200,sediment,6,9:20,16:43,7:23,7,,,0.1248,0.1248,N,0.134,0.004,0.264,1.472,0.006492780718
SH_3m,SH,3,334,Sed_NA_262,2023-06-27,June,1,2.04,2.04,0.025,,800,NH3,800,sediment,6,9:22,16:45,7:23,7,,,0.6267,0.6267,N,0.134,0.004,0.264,1.50144,0.006622636332
SH_3m,SH,3,335,Sed_NA_263,2023-06-27,June,2,1.95,1.95,0.025,,800,NH3,800,sediment,6,9:22,16:45,7:23,7,,,0.6243,0.6243,N,0.134,0.004,0.264,1.4352,0.0063304612
SH_3m,SH,3,336,Sed_NA_264,2023-06-27,June,3,1.98,1.98,0.025,,800,NH3,800,sediment,6,9:22,16:45,7:23,7,,,0.6049,0.6049,N,0.134,0.004,0.264,1.45728,0.006427852911
SH_3m,SH,3,337,Sed_NA_265,2023-06-27,June,1,2.04,2.04,0.025,,1200,NH3,1200,sediment,6,9:25,16:53,7:28,8,,,0.9686,0.9686,N,0.134,0.004,0.264,1.50144,0.006622636332
SH_3m,SH,3,338,Sed_NA_266,2023-06-27,June,2,2.07,2.07,0.025,,1200,NH3,1200,sediment,6,9:25,16:53,7:28,8,,,0.9469,0.9469,N,0.134,0.004,0.264,1.52352,0.006720028043
SH_3m,SH,3,339,Sed_NA_267,2023-06-27,June,3,2.03,2.03,0.025,,1200,NH3,1200,sediment,6,9:25,16:53,7:28,8,,,0.9413,0.9413,N,0.134,0.004,0.264,1.49408,0.006590172429
SH_3m,SH,3,340,Sed_NA_268,2023-06-27,June,1,2.02,2.02,0.025,,1600,NH3,1600,sediment,6,9:27,16:57,7:30,8,,,1.3302,1.3302,N,0.134,0.004,0.264,1.48672,0.006557708525
SH_3m,SH,3,341,Sed_NA_269,2023-06-27,June,2,1.96,1.96,0.025,,1600,NH3,1600,sediment,6,9:27,16:57,7:30,8,,,1.3372,1.3372,N,0.134,0.004,0.264,1.44256,0.006362925104
SH_3m,SH,3,342,Sed_NA_270,2023-06-27,June,3,2.08,2.08,0.025,,1600,NH3,1600,sediment,6,9:27,16:57,7:30,8,,,1.3314,1.3314,N,0.134,0.004,0.264,1.53088,0.006752491947
GB_10m,GB,10,343,Sed_NA_271,2023-06-27,June,1,1.96,1.96,0.025,,0,NH3,0,sediment,6,9:17,16:32,7:15,7,,,0.0099,0.0099,N,0.207,0.009,0.309,1.355270147,0.01157695993
GB_10m,GB,10,344,Sed_NA_272,2023-06-27,June,2,1.94,1.94,0.025,,0,NH3,0,sediment,6,9:17,16:32,7:15,7,,,0.0094,0.0094,N,0.207,0.009,0.309,1.34144086,0.01145882769
GB_10m,GB,10,345,Sed_NA_273,2023-06-27,June,3,2.03,2.03,0.025,,0,NH3,0,sediment,6,9:17,16:32,7:15,7,,,0.0147,0.0147,N,0.207,0.009,0.309,1.403672652,0.01199042279
GB_10m,GB,10,346,Sed_NA_274,2023-06-27,June,1,2,2,0.025,,100,NH3,100,sediment,6,9:19,16:39,7:20,7,,,0.0152,0.0152,N,0.207,0.009,0.309,1.382928721,0.01181322442
GB_10m,GB,10,347,Sed_NA_275,2023-06-27,June,2,2.06,2.06,0.025,,100,NH3,100,sediment,6,9:19,16:39,7:20,7,,,0.0135,0.0135,N,0.207,0.009,0.309,1.424416583,0.01216762116
GB_10m,GB,10,348,Sed_NA_276,2023-06-27,June,3,1.98,1.98,0.025,,100,NH3,100,sediment,6,9:19,16:39,7:20,7,,,0.0126,0.0126,N,0.207,0.009,0.309,1.369099434,0.01169509218
GB_10m,GB,10,349,Sed_NA_277,2023-06-27,June,1,2.05,2.05,0.025,,200,NH3,200,sediment,6,9:21,16:41,7:20,7,,,0.0444,0.0444,N,0.207,0.009,0.309,1.417501939,0.01210855503
GB_10m,GB,10,350,Sed_NA_278,2023-06-27,June,2,2.07,2.07,0.025,,200,NH3,200,sediment,6,9:21,16:41,7:20,7,,,0.0325,0.0325,N,0.207,0.009,0.309,1.431331227,0.01222668728
GB_10m,GB,10,351,Sed_NA_279,2023-06-27,June,3,1.93,1.93,0.025,,200,NH3,200,sediment,6,9:21,16:41,7:20,7,,,0.0458,0.0458,N,0.207,0.009,0.309,1.334526216,0.01139976157
GB_10m,GB,10,352,Sed_NA_280,2023-06-27,June,1,2.03,2.03,0.025,,800,NH3,800,sediment,6,9:23,16:42,7:19,7,,,0.4256,0.4256,N,0.207,0.009,0.309,1.403672652,0.01199042279
GB_10m,GB,10,353,Sed_NA_281,2023-06-27,June,2,1.95,1.95,0.025,,800,NH3,800,sediment,6,9:23,16:42,7:19,7,,,0.3913,0.3913,N,0.207,0.009,0.309,1.348355503,0.01151789381
GB_10m,GB,10,354,Sed_NA_282,2023-06-27,June,3,2.02,2.02,0.025,,800,NH3,800,sediment,6,9:23,16:42,7:19,7,,,0.392,0.392,N,0.207,0.009,0.309,1.396758009,0.01193135667
GB_10m,GB,10,355,Sed_NA_283,2023-06-27,June,1,1.96,1.96,0.025,,1200,NH3,1200,sediment,6,9:26,16:53,7:27,8,,,0.7515,0.7515,N,0.207,0.009,0.309,1.355270147,0.01157695993
GB_10m,GB,10,356,Sed_NA_284,2023-06-27,June,2,2.06,2.06,0.025,,1200,NH3,1200,sediment,6,9:26,16:53,7:27,8,,,0.7298,0.7298,N,0.207,0.009,0.309,1.424416583,0.01216762116
GB_10m,GB,10,357,Sed_NA_285,2023-06-27,June,3,1.98,1.98,0.025,,1200,NH3,1200,sediment,6,9:26,16:53,7:27,8,,,0.6985,0.6985,N,0.207,0.009,0.309,1.369099434,0.01169509218
GB_10m,GB,10,358,Sed_NA_286,2023-06-27,June,1,2.08,2.08,0.025,,1600,NH3,1600,sediment,6,9:27,16:49,7:22,8,,,1.0116,1.0116,N,0.207,0.009,0.309,1.43824587,0.0122857534
GB_10m,GB,10,359,Sed_NA_287,2023-06-27,June,2,2.01,2.01,0.025,,1600,NH3,1600,sediment,6,9:27,16:49,7:22,8,,,1.0398,1.0398,N,0.207,0.009,0.309,1.389843365,0.01187229054
GB_10m,GB,10,360,Sed_NA_288,2023-06-27,June,3,2.03,2.03,0.025,,1600,NH3,1600,sediment,6,9:27,16:49,7:22,8,,,1.0104,1.0104,N,0.207,0.009,0.309,1.403672652,0.01199042279
BW0.5m,BW,0.5,361,Biofilm_NA_37,2023-06-26,June,1,2.07,2.07,0.025,,0,NH3,0,biofilm,6,9:28,16:56,7:28,8,,,0.0049,0.0049,N,1.152,,,,2.38464
BW0.5m,BW,0.5,362,Biofilm_NA_38,2023-06-26,June,2,2.01,2.01,0.025,,0,NH3,0,biofilm,6,9:28,16:56,7:28,8,,,0.0058,0.0058,N,1.152,,,,2.31552
BW0.5m,BW,0.5,363,Biofilm_NA_39,2023-06-26,June,3,2,2,0.025,,0,NH3,0,biofilm,6,9:28,16:56,7:28,8,,,0.0112,0.0112,N,1.152,,,,2.304
BW0.5m,BW,0.5,364,Biofilm_NA_40,2023-06-26,June,1,2.02,2.02,0.025,,100,NH3,100,biofilm,6,9:29,17:02,7:33,8,,,0.0068,0.0068,N,1.152,,,,2.32704
BW0.5m,BW,0.5,365,Biofilm_NA_41,2023-06-26,June,2,2.04,2.04,0.025,,100,NH3,100,biofilm,6,9:29,17:02,7:33,8,,,0.0106,0.0106,N,1.152,,,,2.35008
BW0.5m,BW,0.5,366,Biofilm_NA_42,2023-06-26,June,3,2,2,0.025,,100,NH3,100,biofilm,6,9:29,17:02,7:33,8,,,0.0066,0.0066,N,1.152,,,,2.304
BW0.5m,BW,0.5,367,Biofilm_NA_43,2023-06-26,June,1,2,2,0.025,,200,NH3,200,biofilm,6,9:31,17:05,7:34,9,,,0.0236,0.0236,N,1.152,,,,2.304
BW0.5m,BW,0.5,368,Biofilm_NA_44,2023-06-26,June,2,2.01,2.01,0.025,,200,NH3,200,biofilm,6,9:31,17:05,7:34,9,,,0.0202,0.0202,N,1.152,,,,2.31552
BW0.5m,BW,0.5,369,Biofilm_NA_45,2023-06-26,June,3,2,2,0.025,,200,NH3,200,biofilm,6,9:31,17:05,7:34,9,,,0.0184,0.0184,N,1.152,,,,2.304
BW0.5m,BW,0.5,370,Biofilm_NA_46,2023-06-26,June,1,2,2,0.025,,800,NH3,800,biofilm,6,9:33,17:08,7:35,9,,,0.4629,0.4629,N,1.152,,,,2.304
BW0.5m,BW,0.5,371,Biofilm_NA_47,2023-06-26,June,2,2.02,2.02,0.025,,800,NH3,800,biofilm,6,9:33,17:08,7:35,9,,,0.4572,0.4572,N,1.152,,,,2.32704
BW0.5m,BW,0.5,372,Biofilm_NA_48,2023-06-26,June,3,2.01,2.01,0.025,,800,NH3,800,biofilm,6,9:33,17:08,7:35,9,,,0.4514,0.4514,N,1.152,,,,2.31552
BW0.5m,BW,0.5,373,Biofilm_NA_49,2023-06-26,June,1,2,2,0.025,,1200,NH3,1200,biofilm,6,9:35,17:11,7:36,9,,,0.8317,0.8317,N,1.152,,,,2.304
BW0.5m,BW,0.5,374,Biofilm_NA_50,2023-06-26,June,2,2,2,0.025,,1200,NH3,1200,biofilm,6,9:35,17:11,7:36,9,,,0.8306,0.8306,N,1.152,,,,2.304
BW0.5m,BW,0.5,375,Biofilm_NA_51,2023-06-26,June,3,1.99,1.99,0.025,,1200,NH3,1200,biofilm,6,9:35,17:11,7:36,9,,,0.8146,0.8146,N,1.152,,,,2.29248
BW0.5m,BW,0.5,376,Biofilm_NA_52,2023-06-26,June,1,1.99,1.99,0.025,,1600,NH3,1600,biofilm,6,9:36,17:14,7:38,9,,,1.1848,1.1848,N,1.152,,,,2.29248
BW0.5m,BW,0.5,377,Biofilm_NA_53,2023-06-26,June,2,2,2,0.025,,1600,NH3,1600,biofilm,6,9:36,17:14,7:38,9,,,1.1876,1.1876,N,1.152,,,,2.304
BW0.5m,BW,0.5,378,Biofilm_NA_54,2023-06-26,June,3,1.98,1.98,0.025,,1600,NH3,1600,biofilm,6,9:36,17:14,7:38,9,,,1.1488,1.1488,N,1.152,,,,2.28096
GB0.5m,GB,0.5,379,Biofilm_NA_55,2023-06-27,June,1,2.06,2.06,0.025,,0,NH3,0,biofilm,6,9:28,17:00,7:32,8,,,0.0084,0.0084,N,0.620,,,,1.2772
GB0.5m,GB,0.5,380,Biofilm_NA_56,2023-06-27,June,2,2.11,2.11,0.025,,0,NH3,0,biofilm,6,9:28,17:00,7:32,8,,,0.0057,0.0057,N,0.620,,,,1.3082
GB0.5m,GB,0.5,381,Biofilm_NA_57,2023-06-27,June,3,2.12,2.12,0.025,,0,NH3,0,biofilm,6,9:28,17:00,7:32,8,,,0.0057,0.0057,N,0.620,,,,1.3144
GB0.5m,GB,0.5,382,Biofilm_NA_58,2023-06-27,June,1,2.1,2.1,0.025,,100,NH3,100,biofilm,6,9:30,17:01,7:31,8,,,0.017,0.017,N,0.620,,,,1.302
GB0.5m,GB,0.5,383,Biofilm_NA_59,2023-06-27,June,2,2.07,2.07,0.025,,100,NH3,100,biofilm,6,9:30,17:01,7:31,8,,,0.0178,0.0178,N,0.620,,,,1.2834
GB0.5m,GB,0.5,384,Biofilm_NA_60,2023-06-27,June,3,2.16,2.16,0.025,,100,NH3,100,biofilm,6,9:30,17:01,7:31,8,,,0.0204,0.0204,N,0.620,,,,1.3392
GB0.5m,GB,0.5,385,Biofilm_NA_61,2023-06-27,June,1,2.07,2.07,0.025,,200,NH3,200,biofilm,6,9:31,17:04,7:33,9,,,0.0873,0.0873,N,0.620,,,,1.2834
GB0.5m,GB,0.5,386,Biofilm_NA_62,2023-06-27,June,2,2.09,2.09,0.025,,200,NH3,200,biofilm,6,9:31,17:04,7:33,9,,,0.0772,0.0772,N,0.620,,,,1.2958
GB0.5m,GB,0.5,387,Biofilm_NA_63,2023-06-27,June,3,2.02,2.02,0.025,,200,NH3,200,biofilm,6,9:31,17:04,7:33,9,,,0.0786,0.0786,N,0.620,,,,1.2524
GB0.5m,GB,0.5,388,Biofilm_NA_64,2023-06-27,June,1,2.06,2.06,0.025,,800,NH3,800,biofilm,6,9:34,17:07,7:33,9,,,0.6559,0.6559,N,0.620,,,,1.2772
GB0.5m,GB,0.5,389,Biofilm_NA_65,2023-06-27,June,2,2.06,2.06,0.025,,800,NH3,800,biofilm,6,9:34,17:07,7:33,9,,,0.649,0.649,N,0.620,,,,1.2772
GB0.5m,GB,0.5,390,Biofilm_NA_66,2023-06-27,June,3,2.01,2.01,0.025,,800,NH3,800,biofilm,6,9:34,17:07,7:33,9,,,0.6344,0.6344,N,0.620,,,,1.2462
GB0.5m,GB,0.5,391,Biofilm_NA_67,2023-06-27,June,1,2.08,2.08,0.025,,1200,NH3,1200,biofilm,6,9:35,17:11,7:36,9,,,0.9023,0.9023,N,0.620,,,,1.2896
GB0.5m,GB,0.5,392,Biofilm_NA_68,2023-06-27,June,2,2.05,2.05,0.025,,1200,NH3,1200,biofilm,6,9:35,17:11,7:36,9,,,0.9765,0.9765,N,0.620,,,,1.271
GB0.5m,GB,0.5,393,Biofilm_NA_69,2023-06-27,June,3,2.03,2.03,0.025,,1200,NH3,1200,biofilm,6,9:35,17:11,7:36,9,,,0.982,0.982,N,0.620,,,,1.2586
GB0.5m,GB,0.5,394,Biofilm_NA_70,2023-06-27,June,1,2.03,2.03,0.025,,1600,NH3,1600,biofilm,6,9:37,17:14,7:37,9,,,1.2719,1.2719,N,0.620,,,,1.2586
GB0.5m,GB,0.5,395,Biofilm_NA_71,2023-06-27,June,2,2.04,2.04,0.025,,1600,NH3,1600,biofilm,6,9:37,17:14,7:37,9,,,1.2496,1.2496,N,0.620,,,,1.2648
GB0.5m,GB,0.5,396,Biofilm_NA_72,2023-06-27,June,3,2.01,2.01,0.025,,1600,NH3,1600,biofilm,6,9:37,17:14,7:37,9,,,1.371,1.371,N,0.620,,,,1.2462
BW_3m,BW,3,397,Water_NA_37,2023-06-26,June,1,,,0.025,,0,NH3,0,water,6,9:28,16:55,7:27,8,,,0.0285,0.0285,N,,,,,
BW_3m,BW,3,398,Water_NA_38,2023-06-26,June,2,,,0.025,,0,NH3,0,water,6,9:28,16:55,7:27,8,,,0.0061,0.0061,N,,,,,
BW_3m,BW,3,399,Water_NA_39,2023-06-26,June,3,,,0.025,,0,NH3,0,water,6,9:28,16:55,7:27,8,,,0.0084,0.0084,N,,,,,
BW_3m,BW,3,400,Water_NA_40,2023-06-26,June,1,,,0.025,,100,NH3,100,water,6,9:30,17:00,7:30,8,,,0.1057,0.1057,N,,,,,
BW_3m,BW,3,401,Water_NA_41,2023-06-26,June,2,,,0.025,,100,NH3,100,water,6,9:30,17:00,7:30,8,,,0.106,0.106,N,,,,,
BW_3m,BW,3,402,Water_NA_42,2023-06-26,June,3,,,0.025,,100,NH3,100,water,6,9:30,17:00,7:30,8,,,0.1158,0.1158,N,,,,,
BW_3m,BW,3,403,Water_NA_43,2023-06-26,June,1,,,0.025,,200,NH3,200,water,6,9:32,17:04,7:32,9,,,0.2128,0.2128,N,,,,,
BW_3m,BW,3,404,Water_NA_44,2023-06-26,June,2,,,0.025,,200,NH3,200,water,6,9:32,17:04,7:32,9,,,0.2167,0.2167,N,,,,,
BW_3m,BW,3,405,Water_NA_45,2023-06-26,June,3,,,0.025,,200,NH3,200,water,6,9:32,17:04,7:32,9,,,0.2073,0.2073,N,,,,,
BW_3m,BW,3,406,Water_NA_46,2023-06-26,June,1,,,0.025,,800,NH3,800,water,6,9:34,17:07,7:33,9,,,0.8353,0.8353,N,,,,,
BW_3m,BW,3,407,Water_NA_47,2023-06-26,June,2,,,0.025,,800,NH3,800,water,6,9:34,17:07,7:33,9,,,0.8051,0.8051,N,,,,,
BW_3m,BW,3,408,Water_NA_48,2023-06-26,June,3,,,0.025,,800,NH3,800,water,6,9:34,17:07,7:33,9,,,0.8282,0.8282,N,,,,,
BW_3m,BW,3,409,Water_NA_49,2023-06-26,June,1,,,0.025,,1200,NH3,1200,water,6,9:36,17:10,7:34,9,,,1.2668,1.2668,N,,,,,
BW_3m,BW,3,410,Water_NA_50,2023-06-26,June,2,,,0.025,,1200,NH3,1200,water,6,9:36,17:10,7:34,9,,,1.2377,1.2377,N,,,,,
BW_3m,BW,3,411,Water_NA_51,2023-06-26,June,3,,,0.025,,1200,NH3,1200,water,6,9:36,17:10,7:34,9,,,1.2025,1.2025,N,,,,,
BW_3m,BW,3,412,Water_NA_52,2023-06-26,June,1,,,0.025,,1600,NH3,1600,water,6,9:37,17:18,7:41,9,,,1.5364,1.5364,N,,,,,
BW_3m,BW,3,413,Water_NA_53,2023-06-26,June,2,,,0.025,,1600,NH3,1600,water,6,9:37,17:18,7:41,9,,,1.5576,1.5576,N,,,,,
BW_3m,BW,3,414,Water_NA_54,2023-06-26,June,3,,,0.025,,1600,NH3,1600,water,6,9:37,17:18,7:41,9,,,1.5546,1.5546,N,,,,,
GB_3m,GB,3,415,Water_NA_55,2023-06-27,June,1,,,0.025,,0,NH3,0,water,6,9:28,16:57,7:29,8,,,0.0091,0.0091,N,,,,,
GB_3m,GB,3,416,Water_NA_56,2023-06-27,June,2,,,0.025,,0,NH3,0,water,6,9:28,16:57,7:29,8,,,0.0138,0.0138,N,,,,,
GB_3m,GB,3,417,Water_NA_57,2023-06-27,June,3,,,0.025,,0,NH3,0,water,6,9:28,16:57,7:29,8,,,0.0112,0.0112,N,,,,,
GB_3m,GB,3,418,Water_NA_58,2023-06-27,June,1,,,0.025,,100,NH3,100,water,6,9:30,16:59,7:29,8,,,0.1193,0.1193,N,,,,,
GB_3m,GB,3,419,Water_NA_59,2023-06-27,June,2,,,0.025,,100,NH3,100,water,6,9:30,16:59,7:29,8,,,0.1328,0.1328,N,,,,,
GB_3m,GB,3,420,Water_NA_60,2023-06-27,June,3,,,0.025,,100,NH3,100,water,6,9:30,16:59,7:29,8,,,0.1051,0.1051,N,,,,,
GB_3m,GB,3,421,Water_NA_61,2023-06-27,June,1,,,0.025,,200,NH3,200,water,6,9:32,17:05,7:33,9,,,0.2069,0.2069,N,,,,,
GB_3m,GB,3,422,Water_NA_62,2023-06-27,June,2,,,0.025,,200,NH3,200,water,6,9:32,17:05,7:33,9,,,0.2325,0.2325,N,,,,,
GB_3m,GB,3,423,Water_NA_63,2023-06-27,June,3,,,0.025,,200,NH3,200,water,6,9:32,17:05,7:33,9,,,0.2167,0.2167,N,,,,,
GB_3m,GB,3,424,Water_NA_64,2023-06-27,June,1,,,0.025,,800,NH3,800,water,6,9:34,17:09,7:35,9,,,0.805,0.805,N,,,,,
GB_3m,GB,3,425,Water_NA_65,2023-06-27,June,2,,,0.025,,800,NH3,800,water,6,9:34,17:09,7:35,9,,,0.8155,0.8155,N,,,,,
GB_3m,GB,3,426,Water_NA_66,2023-06-27,June,3,,,0.025,,800,NH3,800,water,6,9:34,17:09,7:35,9,,,0.7807,0.7807,N,,,,,
GB_3m,GB,3,427,Water_NA_67,2023-06-27,June,1,,,0.025,,1200,NH3,1200,water,6,9:36,17:10,7:34,9,,,1.2353,1.2353,N,,,,,
GB_3m,GB,3,428,Water_NA_68,2023-06-27,June,2,,,0.025,,1200,NH3,1200,water,6,9:36,17:10,7:34,9,,,1.2474,1.2474,N,,,,,
GB_3m,GB,3,429,Water_NA_69,2023-06-27,June,3,,,0.025,,1200,NH3,1200,water,6,9:36,17:10,7:34,9,,,1.2582,1.2582,N,,,,,
GB_3m,GB,3,430,Water_NA_70,2023-06-27,June,1,,,0.025,,1600,NH3,1600,water,6,9:37,17:18,7:41,9,,,1.6371,1.6371,N,,,,,
GB_3m,GB,3,431,Water_NA_71,2023-06-27,June,2,,,0.025,,1600,NH3,1600,water,6,9:37,17:18,7:41,9,,,1.6111,1.6111,N,,,,,
GB_3m,GB,3,432,Water_NA_72,2023-06-27,June,3,,,0.025,,1600,NH3,1600,water,6,9:37,17:18,7:41,9,,,1.6072,1.6072,N,,,,,
,NA,NA,,DI_blank1,2023-06-27,June,1,,,,,,NA,,,,,,0,,,,0.0138,0.0138,N,,,,,
,NA,NA,,DI_blank2,2023-06-27,June,2,,,,,,NA,,,,,,0,,,,0.004,0.004,N,,,,,
,NA,NA,,DI_blank3,2023-06-27,June,3,,,,,,NA,,,,,,0,,,,0.0078,0.0078,N,,,,,
BW_3m,BW,3,,Lake_spike_NH3_0_1,2023-06-27,June,1,,,,,0,NH3,0,spike,,,,,,,,0.0038,0.0038,N,,,,,
BW_3m,BW,3,,Lake_spike_NH3_0_2,2023-06-27,June,2,,,,,0,NH3,0,spike,,,,,,,,0.0034,0.0034,N,,,,,
BW_3m,BW,3,,Lake_spike_NH3_0_3,2023-06-27,June,3,,,,,0,NH3,0,spike,,,,,,,,0.0062,0.0062,N,,,,,
BW_3m,BW,3,,Lake_spike_NH3_100_1,2023-06-27,June,1,,,,,100,NH3,100,spike,,,,,,,,0.1035,0.1035,N,,,,,
BW_3m,BW,3,,Lake_spike_NH3_100_2,2023-06-27,June,2,,,,,100,NH3,100,spike,,,,,,,,0.099,0.099,N,,,,,
BW_3m,BW,3,,Lake_spike_NH3_100_3,2023-06-27,June,3,,,,,100,NH3,100,spike,,,,,,,,0.1064,0.1064,N,,,,,
BW_3m,BW,3,,Lake_spike_NH3_200_1,2023-06-27,June,1,,,,,200,NH3,200,spike,,,,,,,,0.1959,0.1959,N,,,,,
BW_3m,BW,3,,Lake_spike_NH3_200_2,2023-06-27,June,2,,,,,200,NH3,200,spike,,,,,,,,0.2116,0.2116,N,,,,,
BW_3m,BW,3,,Lake_spike_NH3_200_3,2023-06-27,June,3,,,,,200,NH3,200,spike,,,,,,,,0.1968,0.1968,N,,,,,
BW_3m,BW,3,,Lake_spike_NH3_800_1,2023-06-27,June,1,,,,,800,NH3,800,spike,,,,,,,,0.8238,0.8238,N,,,,,
BW_3m,BW,3,,Lake_spike_NH3_800_2,2023-06-27,June,2,,,,,800,NH3,800,spike,,,,,,,,0.825,0.825,N,,,,,
BW_3m,BW,3,,Lake_spike_NH3_800_3,2023-06-27,June,3,,,,,800,NH3,800,spike,,,,,,,,0.8346,0.8346,N,,,,,
BW_3m,BW,3,,Lake_spike_NH3_1200_1,2023-06-27,June,1,,,,,1200,NH3,1200,spike,,,,,,,,1.2072,1.2072,N,,,,,
BW_3m,BW,3,,Lake_spike_NH3_1200_2,2023-06-27,June,2,,,,,1200,NH3,1200,spike,,,,,,,,1.2656,1.2656,N,,,,,
BW_3m,BW,3,,Lake_spike_NH3_1200_3,2023-06-27,June,3,,,,,1200,NH3,1200,spike,,,,,,,,1.2195,1.2195,N,,,,,
BW_3m,BW,3,,Lake_spike_NH3_1600_1,2023-06-27,June,1,,,,,1600,NH3,1600,spike,,,,,,,,1.6369,1.6369,N,,,,,
BW_3m,BW,3,,Lake_spike_NH3_1600_2,2023-06-27,June,2,,,,,1600,NH3,1600,spike,,,,,,,,1.541,1.541,N,,,,,
BW_3m,BW,3,,Lake_spike_NH3_1600_3,2023-06-27,June,3,,,,,1600,NH3,1600,spike,,,,,,,,1.6705,1.6705,N,,,,,
BW_3m,BW,3,,Lake_spike_NO3_0_1,2023-06-27,June,1,,,,0,,NO3,0,spike,,,,,,,0.016,,0.016,N,,,,,
BW_3m,BW,3,,Lake_spike_NO3_0_2,2023-06-27,June,2,,,,0,,NO3,0,spike,,,,,,,0.012,,0.012,N,,,,,
BW_3m,BW,3,,Lake_spike_NO3_0_3,2023-06-27,June,3,,,,0,,NO3,0,spike,,,,,,,0.012,,0.012,N,,,,,
BW_3m,BW,3,,Lake_spike_NO3_100_1,2023-06-27,June,1,,,,100,,NO3,100,spike,,,,,,,0.112,,0.112,N,,,,,
BW_3m,BW,3,,Lake_spike_NO3_100_2,2023-06-27,June,2,,,,100,,NO3,100,spike,,,,,,,0.104,,0.104,N,,,,,
BW_3m,BW,3,,Lake_spike_NO3_100_3,2023-06-27,June,3,,,,100,,NO3,100,spike,,,,,,,0.105,,0.105,N,,,,,
BW_3m,BW,3,,Lake_spike_NO3_200_1,2023-06-27,June,1,,,,200,,NO3,200,spike,,,,,,,0.176,,0.176,N,,,,,
BW_3m,BW,3,,Lake_spike_NO3_200_2,2023-06-27,June,2,,,,200,,NO3,200,spike,,,,,,,0.211,,0.211,N,,,,,
BW_3m,BW,3,,Lake_spike_NO3_200_3,2023-06-27,June,3,,,,200,,NO3,200,spike,,,,,,,0.201,,0.201,N,,,,,
BW_3m,BW,3,,Lake_spike_NO3_800_1,2023-06-27,June,1,,,,800,,NO3,800,spike,,,,,,,0.805,,0.805,N,,,,,
BW_3m,BW,3,,Lake_spike_NO3_800_2,2023-06-27,June,2,,,,800,,NO3,800,spike,,,,,,,0.762,,0.762,N,,,,,
BW_3m,BW,3,,Lake_spike_NO3_800_3,2023-06-27,June,3,,,,800,,NO3,800,spike,,,,,,,0.815,,0.815,N,,,,,
BW_3m,BW,3,,Lake_spike_NO3_1200_1,2023-06-27,June,1,,,,1200,,NO3,1200,spike,,,,,,,1.203,,1.203,N,,,,,
BW_3m,BW,3,,Lake_spike_NO3_1200_2,2023-06-27,June,2,,,,1200,,NO3,1200,spike,,,,,,,1.253,,1.253,N,,,,,
BW_3m,BW,3,,Lake_spike_NO3_1200_3,2023-06-27,June,3,,,,1200,,NO3,1200,spike,,,,,,,1.172,,1.172,N,,,,,
BW_3m,BW,3,,Lake_spike_NO3_1600_1,2023-06-27,June,1,,,,1600,,NO3,1600,spike,,,,,,,1.53,,1.53,N,,,,,
BW_3m,BW,3,,Lake_spike_NO3_1600_2,2023-06-27,June,2,,,,1600,,NO3,1600,spike,,,,,,,1.523,,1.523,N,,,,,
BW_3m,BW,3,,Lake_spike_NO3_1600_3,2023-06-27,June,3,,,,1600,,NO3,1600,spike,,,,,,,1.051,,1.051,Y,,,,,
GB_3m,GB,3,,Lake_spike_NH3_0_1,2023-06-27,June,1,,,,,0,NH3,0,spike,,,,,,,,0.0245,0.0245,N,,,,,
GB_3m,GB,3,,Lake_spike_NH3_0_2,2023-06-27,June,2,,,,,0,NH3,0,spike,,,,,,,,0.0162,0.0162,N,,,,,
GB_3m,GB,3,,Lake_spike_NH3_0_3,2023-06-27,June,3,,,,,0,NH3,0,spike,,,,,,,,0.9898,0.9898,N,,,,,
GB_3m,GB,3,,Lake_spike_NH3_100_1,2023-06-27,June,1,,,,,100,NH3,100,spike,,,,,,,,0.1147,0.1147,N,,,,,
GB_3m,GB,3,,Lake_spike_NH3_100_2,2023-06-27,June,2,,,,,100,NH3,100,spike,,,,,,,,0.1042,0.1042,N,,,,,
GB_3m,GB,3,,Lake_spike_NH3_100_3,2023-06-27,June,3,,,,,100,NH3,100,spike,,,,,,,,0.0959,0.0959,N,,,,,
GB_3m,GB,3,,Lake_spike_NH3_200_1,2023-06-27,June,1,,,,,200,NH3,200,spike,,,,,,,,0.2015,0.2015,N,,,,,
GB_3m,GB,3,,Lake_spike_NH3_200_2,2023-06-27,June,2,,,,,200,NH3,200,spike,,,,,,,,0.2064,0.2064,N,,,,,
GB_3m,GB,,,Lake_spike_NH3_200_3,2023-06-27,June,3,,,,,200,NH3,200,spike,,,,,,,,0.2039,0.2039,N,,,,,
GB_3m,GB,,,Lake_spike_NH3_800_1,2023-06-27,June,1,,,,,800,NH3,800,spike,,,,,,,,0.8021,0.8021,N,,,,,
GB_3m,GB,,,Lake_spike_NH3_800_2,2023-06-27,June,2,,,,,800,NH3,800,spike,,,,,,,,0.8065,0.8065,N,,,,,
GB_3m,GB,,,Lake_spike_NH3_800_3,2023-06-27,June,3,,,,,800,NH3,800,spike,,,,,,,,0.8036,0.8036,N,,,,,
GB_3m,GB,,,Lake_spike_NH3_1200_1,2023-06-27,June,1,,,,,1200,NH3,1200,spike,,,,,,,,1.1531,1.1531,N,,,,,
GB_3m,GB,,,Lake_spike_NH3_1200_2,2023-06-27,June,2,,,,,1200,NH3,1200,spike,,,,,,,,1.2062,1.2062,N,,,,,
GB_3m,GB,,,Lake_spike_NH3_1200_3,2023-06-27,June,3,,,,,1200,NH3,1200,spike,,,,,,,,1.2103,1.2103,N,,,,,
GB_3m,GB,,,Lake_spike_NH3_1600_1,2023-06-27,June,1,,,,,1600,NH3,1600,spike,,,,,,,,1.6752,1.6752,N,,,,,
GB_3m,GB,,,Lake_spike_NH3_1600_2,2023-06-27,June,2,,,,,1600,NH3,1600,spike,,,,,,,,1.6414,1.6414,N,,,,,
GB_3m,GB,,,Lake_spike_NH3_1600_3,2023-06-27,June,3,,,,,1600,NH3,1600,spike,,,,,,,,1.5725,1.5725,N,,,,,
GB_3m,GB,,,Lake_spike_NO3_0_1,2023-06-27,June,1,,,,0,,NO3,0,spike,,,,,,,0.012,,0.012,N,,,,,
GB_3m,GB,,,Lake_spike_NO3_0_2,2023-06-27,June,2,,,,0,,NO3,0,spike,,,,,,,0.01,,0.01,N,,,,,
GB_3m,GB,,,Lake_spike_NO3_0_3,2023-06-27,June,3,,,,0,,NO3,0,spike,,,,,,,0.008,,0.008,N,,,,,
GB_3m,GB,,,Lake_spike_NO3_100_1,2023-06-27,June,1,,,,100,,NO3,100,spike,,,,,,,0.116,,0.116,N,,,,,
GB_3m,GB,,,Lake_spike_NO3_100_2,2023-06-27,June,2,,,,100,,NO3,100,spike,,,,,,,0.114,,0.114,N,,,,,
GB_3m,GB,,,Lake_spike_NO3_100_3,2023-06-27,June,3,,,,100,,NO3,100,spike,,,,,,,0.092,,0.092,N,,,,,
GB_3m,GB,,,Lake_spike_NO3_200_1,2023-06-27,June,1,,,,200,,NO3,200,spike,,,,,,,0.202,,0.202,N,,,,,
GB_3m,GB,,,Lake_spike_NO3_200_2,2023-06-27,June,2,,,,200,,NO3,200,spike,,,,,,,0.212,,0.212,N,,,,,
GB_3m,GB,,,Lake_spike_NO3_200_3,2023-06-27,June,3,,,,200,,NO3,200,spike,,,,,,,0.222,,0.222,N,,,,,
GB_3m,GB,,,Lake_spike_NO3_800_1,2023-06-27,June,1,,,,800,,NO3,800,spike,,,,,,,0.84,,0.84,N,,,,,
GB_3m,GB,,,Lake_spike_NO3_800_2,2023-06-27,June,2,,,,800,,NO3,800,spike,,,,,,,0.879,,0.879,N,,,,,
GB_3m,GB,,,Lake_spike_NO3_800_3,2023-06-27,June,3,,,,800,,NO3,800,spike,,,,,,,0.836,,0.836,N,,,,,
GB_3m,GB,,,Lake_spike_NO3_1200_1,2023-06-27,June,1,,,,1200,,NO3,1200,spike,,,,,,,1.156,,1.156,N,,,,,
GB_3m,GB,,,Lake_spike_NO3_1200_2,2023-06-27,June,2,,,,1200,,NO3,1200,spike,,,,,,,1.148,,1.148,N,,,,,
GB_3m,GB,,,Lake_spike_NO3_1200_3,2023-06-27,June,3,,,,1200,,NO3,1200,spike,,,,,,,1.197,,1.197,N,,,,,
GB_3m,GB,,,Lake_spike_NO3_1600_1,2023-06-27,June,1,,,,1600,,NO3,1600,spike,,,,,,,1.724,,1.724,N,,,,,
GB_3m,GB,,,Lake_spike_NO3_1600_2,2023-06-27,June,2,,,,1600,,NO3,1600,spike,,,,,,,1.737,,1.737,N,,,,,
GB_3m,GB,,,Lake_spike_NO3_1600_3,2023-06-27,June,3,,,,1600,,NO3,1600,spike,,,,,,,1.627,,1.627,N,,,,,
,,,,,,,,,,,,,,,,,,,,,,,,,,,,,,
,,,,,,,,,,,,,,,,,,,,,,,,,,,,,,
,,,,,,,,,,,,,,,,,,,,,,,,,,,,,,
,,,,,,,,,,,,,,,,,,,,,,,,,,,,,,
,,,,,,,,,,,,,,,,,,,,,,,,,,,,,,
,,,,,,,,,,,,,,,,,,,,,,,,,,,,,,
,,,,,,,,,,,,,,,,,,,,,,,,,,,,,,
,,,,,,,,,,,,,,,,,,,,,,,,,,,,,,
,,,,,,,,,,,,,,,,,,,,,,,,,,,,,,
,,,,,,,,,,,,,,,,,,,,,,,,,,,,,,
,,,,,,,,,,,,,,,,,,,,,,,,,,,,,,
,,,,,,,,,,,,,,,,,,,,,,,,,,,,,,
,,,,,,,,,,,,,,,,,,,,,,,,,,,,,,
,,,,,,,,,,,,,,,,,,,,,,,,,,,,,,
,,,,,,,,,,,,,,,,,,,,,,,,,,,,,,
,,,,,,,,,,,,,,,,,,,,,,,,,,,,,,
,,,,,,,,,,,,,,,,,,,,,,,,,,,,,,
,,,,,,,,,,,,,,,,,,,,,,,,,,,,,,
,,,,,,,,,,,,,,,,,,,,,,,,,,,,,,
,,,,,,,,,,,,,,,,,,,,,,,,,,,,,,
,,,,,,,,,,,,,,,,,,,,,,,,,,,,,,
,,,,,,,,,,,,,,,,,,,,,,,,,,,,,,
,,,,,,,,,,,,,,,,,,,,,,,,,,,,,,
,,,,,,,,,,,,,,,,,,,,,,,,,,,,,,
,,,,,,,,,,,,,,,,,,,,,,,,,,,,,,
,,,,,,,,,,,,,,,,,,,,,,,,,,,,,,
,,,,,,,,,,,,,,,,,,,,,,,,,,,,,,
,,,,,,,,,,,,,,,,,,,,,,,,,,,,,,
,,,,,,,,,,,,,,,,,,,,,,,,,,,,,,
,,,,,,,,,,,,,,,,,,,,,,,,,,,,,,
,,,,,,,,,,,,,,,,,,,,,,,,,,,,,,
,,,,,,,,,,,,,,,,,,,,,,,,,,,,,,
,,,,,,,,,,,,,,,,,,,,,,,,,,,,,,
,,,,,,,,,,,,,,,,,,,,,,,,,,,,,,
,,,,,,,,,,,,,,,,,,,,,,,,,,,,,,
,,,,,,,,,,,,,,,,,,,,,,,,,,,,,,
,,,,,,,,,,,,,,,,,,,,,,,,,,,,,,
,,,,,,,,,,,,,,,,,,,,,,,,,,,,,,
,,,,,,,,,,,,,,,,,,,,,,,,,,,,,,
,,,,,,,,,,,,,,,,,,,,,,,,,,,,,,
,,,,,,,,,,,,,,,,,,,,,,,,,,,,,,
,,,,,,,,,,,,,,,,,,,,,,,,,,,,,,
,,,,,,,,,,,,,,,,,,,,,,,,,,,,,,
,,,,,,,,,,,,,,,,,,,,,,,,,,,,,,
,,,,,,,,,,,,,,,,,,,,,,,,,,,,,,
,,,,,,,,,,,,,,,,,,,,,,,,,,,,,,
,,,,,,,,,,,,,,,,,,,,,,,,,,,,,,
,,,,,,,,,,,,,,,,,,,,,,,,,,,,,,
,,,,,,,,,,,,,,,,,,,,,,,,,,,,,,
,,,,,,,,,,,,,,,,,,,,,,,,,,,,,,
,,,,,,,,,,,,,,,,,,,,,,,,,,,,,,
,,,,,,,,,,,,,,,,,,,,,,,,,,,,,,
,,,,,,,,,,,,,,,,,,,,,,0.002,,,,,,,,
,,,,,,,,,,,,,,,,,,,,,,0,,,,,,,,
,,,,,,,,,,,,,,,,,,,,,,0.061,,,,,,,,
,,,,,,,,,,,,,,,,,,,,,,0.102,,,,,,,,
,,,,,,,,,,,,,,,,,,,,,,0.101,,,,,,,,
,,,,,,,,,,,,,,,,,,,,,,0.098,,,,,,,,
,,,,,,,,,,,,,,,,,,,,,,0.214,,,,,,,,
,,,,,,,,,,,,,,,,,,,,,,0.206,,,,,,,,
,,,,,,,,,,,,,,,,,,,,,,0.211,,,,,,,,
,,,,,,,,,,,,,,,,,,,,,,0.846,,,,,,,,
,,,,,,,,,,,,,,,,,,,,,,0.794,,,,,,,,
,,,,,,,,,,,,,,,,,,,,,,0.885,,,,,,,,
,,,,,,,,,,,,,,,,,,,,,,1.205,,,,,,,,
,,,,,,,,,,,,,,,,,,,,,,1.267,,,,,,,,
,,,,,,,,,,,,,,,,,,,,,,0.634,,,,,,,,
,,,,,,,,,,,,,,,,,,,,,,1.683,,,,,,,,
,,,,,,,,,,,,,,,,,,,,,,1.69,,,,,,,,
,,,,,,,,,,,,,,,,,,,,,,1.752,,,,,,,,